Product Description,Price,Ratings,Product Link
"ASUS ROG Strix G16 (2025) Gaming Laptop, 16” FHD+ 16:10 165Hz/3ms Display, NVIDIA® GeForce RTX™ 5060 Laptop GPU, Intel® Core™ i7 Processor 14650HX, 16GB DDR5, 1TB Gen 4 SSD, Wi-Fi 7, Windows 11 Home",1499.99,10,https://www.amazon.com/ASUS-ROG-Strix-Gaming-Laptop/dp/B0DZZWMB2L/ref=sr_1_2?dib=eyJ2IjoiMSJ9.6d71lCI2_wdbEIk9uHp6leA3JeSWBkxXyeHeX91jSKAyy2CvRUhcs4QwLNfEgWAzOThsXNUHp0JCo6frSrwO1KCKLODIf71D0R9rqlEuJ0JImp6RVlBveDcnR1y0E7vuwpEuCrQj4NFkH79bEWU3WDVW2Je2ZmfUhlVq-0G_Vc4hXuKOMoSSN9JNL29bHVx7u-XX2fjj-f_eIKLEbuLerScgf0z35V0TWGDH7AOLbhA.iN-Vft-JSWxOE5CZU1b_rNOD4n_BfyYOoOLOmzcSHeE&dib_tag=se&keywords=laptop&qid=1752660492&sr=8-2
"HP 14 Laptop, Intel Celeron N4020, 4 GB RAM, 64 GB Storage, 14-inch Micro-edge HD Display, Windows 11 Home, Thin & Portable, 4K Graphics, One Year of Microsoft 365 (14-dq0040nr, Snowflake White)",175.0,3457,https://www.amazon.com/HP-Micro-edge-Microsoft-14-dq0040nr-Snowflake/dp/B0947BJ67M/ref=sr_1_3?dib=eyJ2IjoiMSJ9.6d71lCI2_wdbEIk9uHp6leA3JeSWBkxXyeHeX91jSKAyy2CvRUhcs4QwLNfEgWAzOThsXNUHp0JCo6frSrwO1KCKLODIf71D0R9rqlEuJ0JImp6RVlBveDcnR1y0E7vuwpEuCrQj4NFkH79bEWU3WDVW2Je2ZmfUhlVq-0G_Vc4hXuKOMoSSN9JNL29bHVx7u-XX2fjj-f_eIKLEbuLerScgf0z35V0TWGDH7AOLbhA.iN-Vft-JSWxOE5CZU1b_rNOD4n_BfyYOoOLOmzcSHeE&dib_tag=se&keywords=laptop&qid=1752660492&sr=8-3
"Lenovo IdeaPad 1 Student Laptop, 15.6"" FHD Display, Intel Dual Core Processor, 12GB RAM, 512GB SSD + 128GB eMMC, 1 Year Office 365, Wi-Fi 6, Webcam, Bluetooth, SD Card Reader, Windows 11 Home, Grey",339.0,742,https://www.amazon.com/Lenovo-IdeaPad-Student-Processor-Bluetooth/dp/B0CF62H34N/ref=sr_1_4?dib=eyJ2IjoiMSJ9.6d71lCI2_wdbEIk9uHp6leA3JeSWBkxXyeHeX91jSKAyy2CvRUhcs4QwLNfEgWAzOThsXNUHp0JCo6frSrwO1KCKLODIf71D0R9rqlEuJ0JImp6RVlBveDcnR1y0E7vuwpEuCrQj4NFkH79bEWU3WDVW2Je2ZmfUhlVq-0G_Vc4hXuKOMoSSN9JNL29bHVx7u-XX2fjj-f_eIKLEbuLerScgf0z35V0TWGDH7AOLbhA.iN-Vft-JSWxOE5CZU1b_rNOD4n_BfyYOoOLOmzcSHeE&dib_tag=se&keywords=laptop&qid=1752660492&sr=8-4
"ASUS Vivobook Go 15.6” FHD Slim Laptop, AMD Ryzen 3 7320U Quad Core Processor, 8GB DDR5 RAM, 128GB SSD, Windows 11 Home, Fast Charging, Webcam Sheild, Military Grade Durability, Black, E1504FA-AS33",310.64,417,https://www.amazon.com/ASUS-Vivobook-Laptop-Windows-E1504FA-AS33/dp/B0CWHYV27D/ref=sr_1_5?dib=eyJ2IjoiMSJ9.6d71lCI2_wdbEIk9uHp6leA3JeSWBkxXyeHeX91jSKAyy2CvRUhcs4QwLNfEgWAzOThsXNUHp0JCo6frSrwO1KCKLODIf71D0R9rqlEuJ0JImp6RVlBveDcnR1y0E7vuwpEuCrQj4NFkH79bEWU3WDVW2Je2ZmfUhlVq-0G_Vc4hXuKOMoSSN9JNL29bHVx7u-XX2fjj-f_eIKLEbuLerScgf0z35V0TWGDH7AOLbhA.iN-Vft-JSWxOE5CZU1b_rNOD4n_BfyYOoOLOmzcSHeE&dib_tag=se&keywords=laptop&qid=1752660492&sr=8-5
"HP Stream 14"" HD BrightView Laptop, Intel Celeron N4120, 16GB RAM, 288GB Storage (128GB eMMC + 160GB Docking Station Set), Intel UHD Graphics, 720p Webcam, Wi-Fi, 1 Year Office 365, Win 11 S, Silver",309.0,2874,https://www.amazon.com/HP-Stream-BrightView-N4120-Graphics/dp/B0CZKPF2QH/ref=sr_1_7?dib=eyJ2IjoiMSJ9.6d71lCI2_wdbEIk9uHp6leA3JeSWBkxXyeHeX91jSKAyy2CvRUhcs4QwLNfEgWAzOThsXNUHp0JCo6frSrwO1KCKLODIf71D0R9rqlEuJ0JImp6RVlBveDcnR1y0E7vuwpEuCrQj4NFkH79bEWU3WDVW2Je2ZmfUhlVq-0G_Vc4hXuKOMoSSN9JNL29bHVx7u-XX2fjj-f_eIKLEbuLerScgf0z35V0TWGDH7AOLbhA.iN-Vft-JSWxOE5CZU1b_rNOD4n_BfyYOoOLOmzcSHeE&dib_tag=se&keywords=laptop&qid=1752660492&sr=8-7
"HP Chromebook 14 inch Laptop, HD Display, Intel Processor N100, 8 GB RAM, 128 GB UFS, Intel UHD Graphics, Chrome OS, Chalkboard Gray, 14a-nf0099nr",294.99,346,https://www.amazon.com/HP-Chromebook-Processor-Chalkboard-14a-nf0099nr/dp/B0F4GD28JM/ref=sr_1_9?dib=eyJ2IjoiMSJ9.6d71lCI2_wdbEIk9uHp6leA3JeSWBkxXyeHeX91jSKAyy2CvRUhcs4QwLNfEgWAzOThsXNUHp0JCo6frSrwO1KCKLODIf71D0R9rqlEuJ0JImp6RVlBveDcnR1y0E7vuwpEuCrQj4NFkH79bEWU3WDVW2Je2ZmfUhlVq-0G_Vc4hXuKOMoSSN9JNL29bHVx7u-XX2fjj-f_eIKLEbuLerScgf0z35V0TWGDH7AOLbhA.iN-Vft-JSWxOE5CZU1b_rNOD4n_BfyYOoOLOmzcSHeE&dib_tag=se&keywords=laptop&qid=1752660492&sr=8-9
"ASUS ROG Strix G16 (2025) Gaming Laptop, 16” ROG Nebula Display 16:10 2.5K 240Hz/3ms, NVIDIA® GeForce RTX™ 5070 Ti GPU, Intel® Core™ Ultra 9 275HX Processor, 32GB DDR5, 1TB SSD, Wi-Fi 7, Win11 Home",2399.99,511,https://www.amazon.com/ASUS-Gaming-Laptop-Nebula-Display/dp/B0DW1X5YCQ/ref=sr_1_10?dib=eyJ2IjoiMSJ9.6d71lCI2_wdbEIk9uHp6leA3JeSWBkxXyeHeX91jSKAyy2CvRUhcs4QwLNfEgWAzOThsXNUHp0JCo6frSrwO1KCKLODIf71D0R9rqlEuJ0JImp6RVlBveDcnR1y0E7vuwpEuCrQj4NFkH79bEWU3WDVW2Je2ZmfUhlVq-0G_Vc4hXuKOMoSSN9JNL29bHVx7u-XX2fjj-f_eIKLEbuLerScgf0z35V0TWGDH7AOLbhA.iN-Vft-JSWxOE5CZU1b_rNOD4n_BfyYOoOLOmzcSHeE&dib_tag=se&keywords=laptop&qid=1752660492&sr=8-10
"HP 14"" Ultral Light Laptop for Students and Business, Intel Quad-Core, 8GB RAM, 192GB Storage(64GB eMMC+128GB Ghost Manta SD Card), 1 Year Office 365, USB C, Win 11 S",238.0,2522,https://www.amazon.com/HP-Students-Business-Quad-Core-Storage/dp/B0B2D77YB8/ref=sr_1_11?dib=eyJ2IjoiMSJ9.6d71lCI2_wdbEIk9uHp6leA3JeSWBkxXyeHeX91jSKAyy2CvRUhcs4QwLNfEgWAzOThsXNUHp0JCo6frSrwO1KCKLODIf71D0R9rqlEuJ0JImp6RVlBveDcnR1y0E7vuwpEuCrQj4NFkH79bEWU3WDVW2Je2ZmfUhlVq-0G_Vc4hXuKOMoSSN9JNL29bHVx7u-XX2fjj-f_eIKLEbuLerScgf0z35V0TWGDH7AOLbhA.iN-Vft-JSWxOE5CZU1b_rNOD4n_BfyYOoOLOmzcSHeE&dib_tag=se&keywords=laptop&qid=1752660492&sr=8-11
"jumper 16 inch Convertible Laptop, 2 in 1 Laptop Computer with IPS FHD 360 Degree Touchscreen, 16GB DDR4 640GB Storage, Fingerprint Reader, WiFi 6, 53.2WH, Backlit Keyboard, Type-C, 1 Year Office 365",399.99,24,https://www.amazon.com/jumper-Convertible-Computer-Touchscreen-Fingerprint/dp/B0F9L293YF/ref=sr_1_12?dib=eyJ2IjoiMSJ9.6d71lCI2_wdbEIk9uHp6leA3JeSWBkxXyeHeX91jSKAyy2CvRUhcs4QwLNfEgWAzOThsXNUHp0JCo6frSrwO1KCKLODIf71D0R9rqlEuJ0JImp6RVlBveDcnR1y0E7vuwpEuCrQj4NFkH79bEWU3WDVW2Je2ZmfUhlVq-0G_Vc4hXuKOMoSSN9JNL29bHVx7u-XX2fjj-f_eIKLEbuLerScgf0z35V0TWGDH7AOLbhA.iN-Vft-JSWxOE5CZU1b_rNOD4n_BfyYOoOLOmzcSHeE&dib_tag=se&keywords=laptop&qid=1752660492&sr=8-12
"Acer Nitro V Gaming Laptop | Intel Core i5-13420H Processor | NVIDIA GeForce RTX 4050 Laptop GPU | 15.6"" FHD IPS 144Hz Display | 8GB DDR5 | 512GB Gen 4 SSD | WiFi 6 | Backlit KB | ANV15-51-51H9",788.08,562,https://www.amazon.com/i5-13420H-Processor-GeForce-Display-ANV15-51-51H9/dp/B0CP8D4SM2/ref=sr_1_13?dib=eyJ2IjoiMSJ9.6d71lCI2_wdbEIk9uHp6leA3JeSWBkxXyeHeX91jSKAyy2CvRUhcs4QwLNfEgWAzOThsXNUHp0JCo6frSrwO1KCKLODIf71D0R9rqlEuJ0JImp6RVlBveDcnR1y0E7vuwpEuCrQj4NFkH79bEWU3WDVW2Je2ZmfUhlVq-0G_Vc4hXuKOMoSSN9JNL29bHVx7u-XX2fjj-f_eIKLEbuLerScgf0z35V0TWGDH7AOLbhA.iN-Vft-JSWxOE5CZU1b_rNOD4n_BfyYOoOLOmzcSHeE&dib_tag=se&keywords=laptop&qid=1752660492&sr=8-13
"jumper Laptop 16 inch, Convertible Laptop with 1 Year Office 365, 16GB DDR4 640GB Storage, 360 Degree Rotation, Fingerprint Reader, Backlit Keyboard, Celeron N5095, 53.2WH, Type-C Full Function ﻿",399.99,17,https://www.amazon.com/jumper-Convertible-Rotation-Fingerprint-Keyboard/dp/B0FDQBMT23/ref=sr_1_14?dib=eyJ2IjoiMSJ9.6d71lCI2_wdbEIk9uHp6leA3JeSWBkxXyeHeX91jSKAyy2CvRUhcs4QwLNfEgWAzOThsXNUHp0JCo6frSrwO1KCKLODIf71D0R9rqlEuJ0JImp6RVlBveDcnR1y0E7vuwpEuCrQj4NFkH79bEWU3WDVW2Je2ZmfUhlVq-0G_Vc4hXuKOMoSSN9JNL29bHVx7u-XX2fjj-f_eIKLEbuLerScgf0z35V0TWGDH7AOLbhA.iN-Vft-JSWxOE5CZU1b_rNOD4n_BfyYOoOLOmzcSHeE&dib_tag=se&keywords=laptop&qid=1752660492&sr=8-14
"Acer Aspire Go 15 AI Ready Laptop | 15.6"" Full HD (1920 x 1080) IPS Display | Intel Core 3 Processor N355 | Intel Graphics | 8GB DDR5 | 128GB UFS | Wi-Fi 6 | Windows 11 Home in S Mode | AG15-32P-39R2",331.64,36,https://www.amazon.com/Display-Processor-Graphics-Windows-AG15-32P-39R2/dp/B0DT7FC9B7/ref=sr_1_15?dib=eyJ2IjoiMSJ9.6d71lCI2_wdbEIk9uHp6leA3JeSWBkxXyeHeX91jSKAyy2CvRUhcs4QwLNfEgWAzOThsXNUHp0JCo6frSrwO1KCKLODIf71D0R9rqlEuJ0JImp6RVlBveDcnR1y0E7vuwpEuCrQj4NFkH79bEWU3WDVW2Je2ZmfUhlVq-0G_Vc4hXuKOMoSSN9JNL29bHVx7u-XX2fjj-f_eIKLEbuLerScgf0z35V0TWGDH7AOLbhA.iN-Vft-JSWxOE5CZU1b_rNOD4n_BfyYOoOLOmzcSHeE&dib_tag=se&keywords=laptop&qid=1752660492&sr=8-15
"Acer Nitro V Gaming Laptop | Intel Core i7-13620H Processor | NVIDIA GeForce RTX 4050 Laptop GPU | 15.6"" FHD IPS 165Hz Display | 16GB DDR5 | 1TB Gen 4 SSD | Wi-Fi 6 | Backlit KB | ANV15-51-723D",949.99,23,https://www.amazon.com/i7-13620H-Processor-GeForce-Display-ANV15-51-723D/dp/B0C4LTKWSG/ref=sr_1_17?dib=eyJ2IjoiMSJ9.weGBlGzAla27PjoSXr7U-lrWcIdzUxNRvTtYf3X-DYb8etoUAYb12ADLRD228FmiFJociH2xH34wBw2TH_2T9ayqcLjOvDcnQxCwPgBQPFhnENg62f3wdBtfZaUANwQgXRdO8J0y6ZssPxfSuFsJOAYAWf0K0E1srygQUd_dgg_0XI6N5hKfuZc_1iGM6xDlqvMl1gttlH3lSera5mZ_osz99JUDDwxfw5KOequV8wo.YdISJGuTwz3VKBuzpZNzas0aTt8rPeAkEIJ7E3kEaj0&dib_tag=se&keywords=laptop&qid=1752660495&sr=8-17&xpid=ZfD8Q9i4lztCI
"HP 17 Laptop, 17.3"" HD+ Touchscreen Display, 12th Gen Intel Core i7-1255U, 64GB RAM, 2TB SSD, Webcam, HDMI, SuperSpeed USB Ports, Wi-Fi 6, Windows 11 Home, Silver",830.0,769,https://www.amazon.com/HP-Touchscreen-Display-i7-1255U-SuperSpeed/dp/B0CKTZVB17/ref=sr_1_18?dib=eyJ2IjoiMSJ9.weGBlGzAla27PjoSXr7U-lrWcIdzUxNRvTtYf3X-DYb8etoUAYb12ADLRD228FmiFJociH2xH34wBw2TH_2T9ayqcLjOvDcnQxCwPgBQPFhnENg62f3wdBtfZaUANwQgXRdO8J0y6ZssPxfSuFsJOAYAWf0K0E1srygQUd_dgg_0XI6N5hKfuZc_1iGM6xDlqvMl1gttlH3lSera5mZ_osz99JUDDwxfw5KOequV8wo.YdISJGuTwz3VKBuzpZNzas0aTt8rPeAkEIJ7E3kEaj0&dib_tag=se&keywords=laptop&qid=1752660495&sr=8-18&xpid=ZfD8Q9i4lztCI
"Laptop 16-inch 8GB DDR 256GB SSD Portable Laptop,Expandable to 1TB Pentium Quad-core CPU up to 2.64 GHz 9000mAh Battery Mini HDMI Interface USB3.0 Interface Dual-Band WiFi Webcam Slim laptops",199.99,15,https://www.amazon.com/Morostron-Portable-Expandable-Quad-core-Interface/dp/B0DP4Y6LG1/ref=sr_1_20?dib=eyJ2IjoiMSJ9.weGBlGzAla27PjoSXr7U-lrWcIdzUxNRvTtYf3X-DYb8etoUAYb12ADLRD228FmiFJociH2xH34wBw2TH_2T9ayqcLjOvDcnQxCwPgBQPFhnENg62f3wdBtfZaUANwQgXRdO8J0y6ZssPxfSuFsJOAYAWf0K0E1srygQUd_dgg_0XI6N5hKfuZc_1iGM6xDlqvMl1gttlH3lSera5mZ_osz99JUDDwxfw5KOequV8wo.YdISJGuTwz3VKBuzpZNzas0aTt8rPeAkEIJ7E3kEaj0&dib_tag=se&keywords=laptop&qid=1752660495&sr=8-20&xpid=ZfD8Q9i4lztCI
"Azeyou 11.6” Laptop HD Display, Student Laptop Computer 4GB DDR4 RAM, 128GB SSD, OS 11 Pro Laptops, WiFi, BT4.2, USB3.0, Type_C 4000mAh Battery (Black)",137.99,143,https://www.amazon.com/Azeyou-Display-Student-Computer-Laptops/dp/B0DS7CCM5V/ref=sr_1_33?dib=eyJ2IjoiMSJ9.gVsRg4Jj9BqJ1fouTw4qF_-UMvusGeIYHMn-mOe1CzDOneZzAblAtHNEbYbEjvqBCkX-Tbq3kn2D8WPN2fbOkw.Xrhkdmj49LnGuXD4uBcelALG4E47_u9EvdeFO9Gd7T8&dib_tag=se&keywords=laptop&qid=1752660497&sr=8-33&xpid=ZfD8Q9i4lztCI
"SGIN Laptop Computer 15.6 Inch, Laptops with 4GB RAM 128GB SSD, Celeron N4000 Processor Notebook, BT4.2.0, Mini HDMI, 7000mah, WiFi, UHD Graphics 600, Type-C, 2.4/5G WiFi",189.99,5,https://www.amazon.com/SGIN-Computer-Processor-Notebook-Graphics/dp/B0F4R97NM1/ref=sr_1_34?dib=eyJ2IjoiMSJ9.gVsRg4Jj9BqJ1fouTw4qF_-UMvusGeIYHMn-mOe1CzDOneZzAblAtHNEbYbEjvqBCkX-Tbq3kn2D8WPN2fbOkw.Xrhkdmj49LnGuXD4uBcelALG4E47_u9EvdeFO9Gd7T8&dib_tag=se&keywords=laptop&qid=1752660497&sr=8-34&xpid=ZfD8Q9i4lztCI
"HP Portable Laptop (Include 1 Year Microsoft 365), 14’’ HD Display, 16GB RAM, 64GB eMMC, Intel Quad-Core N4120, Student and Business, Webcam, HDMI, Wi-Fi, RJ-45, Windows 11 Home, Pink",255.0,3092,https://www.amazon.com/HP-Portable-Microsoft-Quad-Core-Business/dp/B0CHHMH36M/ref=sr_1_35?dib=eyJ2IjoiMSJ9.gVsRg4Jj9BqJ1fouTw4qF_-UMvusGeIYHMn-mOe1CzDOneZzAblAtHNEbYbEjvqBCkX-Tbq3kn2D8WPN2fbOkw.Xrhkdmj49LnGuXD4uBcelALG4E47_u9EvdeFO9Gd7T8&dib_tag=se&keywords=laptop&qid=1752660497&sr=8-35&xpid=ZfD8Q9i4lztCI
"AMD Laptop,16 Inch FHD Display Laptop with AMD Ryzen 7 6800H Processor up to 4.7GHz,16GB Ram DDR5 4800MHz 512GB SSD Notebook with Backlit Keyboard",499.0,21,https://www.amazon.com/MALLRACE-Display-Processor-Notebook-Keyboard/dp/B0FB3JDY89/ref=sr_1_36?dib=eyJ2IjoiMSJ9.gVsRg4Jj9BqJ1fouTw4qF_-UMvusGeIYHMn-mOe1CzDOneZzAblAtHNEbYbEjvqBCkX-Tbq3kn2D8WPN2fbOkw.Xrhkdmj49LnGuXD4uBcelALG4E47_u9EvdeFO9Gd7T8&dib_tag=se&keywords=laptop&qid=1752660497&sr=8-36&xpid=ZfD8Q9i4lztCI
"HP 17 Business Laptop, 17.3” HD+ Display, 11th Gen Intel Core i3-1125G4 Processor, 32GB RAM, 1TB SSD, Wi-Fi, HDMI, Webcam, Windows 11 Pro, Silver",534.99,2215,https://www.amazon.com/HP-Business-Display-i3-1125G4-Processor/dp/B0C6NC4KRT/ref=sr_1_37?dib=eyJ2IjoiMSJ9.gVsRg4Jj9BqJ1fouTw4qF_-UMvusGeIYHMn-mOe1CzDOneZzAblAtHNEbYbEjvqBCkX-Tbq3kn2D8WPN2fbOkw.Xrhkdmj49LnGuXD4uBcelALG4E47_u9EvdeFO9Gd7T8&dib_tag=se&keywords=laptop&qid=1752660497&sr=8-37&xpid=ZfD8Q9i4lztCI
"Lenovo IdeaPad 1i Laptop, 15.6"" FHD Touchscreen, Intel Core i5-1235U Processor, 24GB RAM, 1TB SSD, Webcam, HDMI, Wi-Fi 6, Windows 11 Home, Blue",499.0,80,https://www.amazon.com/Lenovo-IdeaPad-1i-Touchscreen-Processor/dp/B0DT1MCQX9/ref=sr_1_49?dib=eyJ2IjoiMSJ9.mqvaBQoRqIbqIgU5EGImn3Z8JvwtlXsrr_hFwUSKqv-XsLut5ZR7cBr4QxZ7aqsSryinPFX-KkfTZlPMGbv1JQ.zTzXgDAQomC0sAtQ-7zb12RHgpOTV11u207xdWvU5_U&dib_tag=se&keywords=laptop&qid=1752660501&sr=8-49&xpid=ZfD8Q9i4lztCI
"Samsung 14"" Galaxy Chromebook Go Laptop PC Computer, Intel Celeron N4500 Processor, 4GB RAM, 64GB Storage, ChromeOS, XE340XDA-KA2US, Student Laptop, Back to School Ready, Silver",281.8,2,https://www.amazon.com/SAMSUNG-Chromebook-Computer-Lightweight-12-Hour-Battery/dp/B09S3HNMHF/ref=sr_1_50?dib=eyJ2IjoiMSJ9.mqvaBQoRqIbqIgU5EGImn3Z8JvwtlXsrr_hFwUSKqv-XsLut5ZR7cBr4QxZ7aqsSryinPFX-KkfTZlPMGbv1JQ.zTzXgDAQomC0sAtQ-7zb12RHgpOTV11u207xdWvU5_U&dib_tag=se&keywords=laptop&qid=1752660501&sr=8-50&xpid=ZfD8Q9i4lztCI
"HP Elitebook 650 G10 15 15.6"" FHD Business Laptop Computer, 13th Gen Intel 10-Core i7-1355U, 32GB DDR4 RAM, 1TB PCIe SSD, WiFi 6E, BT5.3, Backlit Keyboard, Fingerprint Reader, Windows 11 Pro, AZ-XUT",999.0,46,https://www.amazon.com/HP-Elitebook-650-G10-Fingerprint/dp/B0CBN7S6S8/ref=sr_1_51?dib=eyJ2IjoiMSJ9.mqvaBQoRqIbqIgU5EGImn3Z8JvwtlXsrr_hFwUSKqv-XsLut5ZR7cBr4QxZ7aqsSryinPFX-KkfTZlPMGbv1JQ.zTzXgDAQomC0sAtQ-7zb12RHgpOTV11u207xdWvU5_U&dib_tag=se&keywords=laptop&qid=1752660501&sr=8-51&xpid=ZfD8Q9i4lztCI
"ApoloSign Laptop, 12GB RAM, 512GB SSD, 15.6"" Full HD Notebook, Expandable to 1TB, Intel N5095 Processor, Dual-Band WiFi, 178° Viewing Angle, Dual Speakers",219.99,75,https://www.amazon.com/ApoloSign-Notebook-Expandable-Processor-Dual-Band/dp/B0DDX8P46Z/ref=sr_1_52?dib=eyJ2IjoiMSJ9.mqvaBQoRqIbqIgU5EGImn3Z8JvwtlXsrr_hFwUSKqv-XsLut5ZR7cBr4QxZ7aqsSryinPFX-KkfTZlPMGbv1JQ.zTzXgDAQomC0sAtQ-7zb12RHgpOTV11u207xdWvU5_U&dib_tag=se&keywords=laptop&qid=1752660501&sr=8-52&xpid=ZfD8Q9i4lztCI
"ACEMAGIC 16.0-inch Laptop, 2025 16GB DDR4 512GB SSD Windows 11 Laptop, Laptop Computer with Intel 12th Quad-Core Processor(Up to 3.6GHz), 1920P FHD Display, Metal Shell, WiFi 5, USB3.2, Type_C",370.49,131,https://www.amazon.com/ACEMAGIC-16-0-inch-Computer-Quad-Core-Processor/dp/B0FC1YW549/ref=sr_1_53?dib=eyJ2IjoiMSJ9.mqvaBQoRqIbqIgU5EGImn3Z8JvwtlXsrr_hFwUSKqv-XsLut5ZR7cBr4QxZ7aqsSryinPFX-KkfTZlPMGbv1JQ.zTzXgDAQomC0sAtQ-7zb12RHgpOTV11u207xdWvU5_U&dib_tag=se&keywords=laptop&qid=1752660501&sr=8-53&xpid=ZfD8Q9i4lztCI
"2025 Gaming Laptop, 16.0inch Laptop Computer with AMD Ryzen 7 5825U(8C/16T, Up to 4.5GHz), 16GB RAM 512GB NVMe SSD Windows 11 Laptop, Radeon RX Vega 8 Graphics,WiFi 6, Backlit KB",999.0,0,https://www.amazon.com/KAIGERR-16-0inch-Computer-Windows-Graphics/dp/B0FH2XBS22/ref=sr_1_65?dib=eyJ2IjoiMSJ9.2hAZHjJOj_Zr_anlukyPW8BlPsHxl4l-M9WgnhfLvsiNAeump7MzPgzbXUrn-O_csdpXLFvs4k98oYI8r4g1wQ.S8FutId4xdw8HpiwhqGmrt1bZwhNVvkKT7dUbQ257so&dib_tag=se&keywords=laptop&qid=1752660503&sr=8-65&xpid=ZfD8Q9i4lztCI
"acer Nitro V Gaming Laptop | Intel Core i9-13900H Processor | NVIDIA GeForce RTX 4060 Laptop GPU | 15.6"" FHD IPS 144Hz Display | 32GB DDR5 | 1TB Gen 4 SSD | WiFi 6 | Backlit KB | ANV15-51-92XK",1349.99,64,https://www.amazon.com/i9-13900H-Processor-GeForce-Display-ANV15-51-92XK/dp/B0D8JZDJBG/ref=sr_1_66?dib=eyJ2IjoiMSJ9.2hAZHjJOj_Zr_anlukyPW8BlPsHxl4l-M9WgnhfLvsiNAeump7MzPgzbXUrn-O_csdpXLFvs4k98oYI8r4g1wQ.S8FutId4xdw8HpiwhqGmrt1bZwhNVvkKT7dUbQ257so&dib_tag=se&keywords=laptop&qid=1752660503&sr=8-66&xpid=ZfD8Q9i4lztCI
"HP 17.3"" FHD Laptop, AMD Ryzen 5 5500U (Beat i5-10500) 6-Core up to 4.0GHz, 8GB RAM, 256GB NVMe SSD, USB-C, Numeric Keypad, Fingerprint, HDMI, Webcam, WiFi, Win 10S, Natural Silver",429.0,75,https://www.amazon.com/HP-i5-10500-Numeric-Fingerprint-Natural/dp/B09DB3H45Q/ref=sr_1_67?dib=eyJ2IjoiMSJ9.2hAZHjJOj_Zr_anlukyPW8BlPsHxl4l-M9WgnhfLvsiNAeump7MzPgzbXUrn-O_csdpXLFvs4k98oYI8r4g1wQ.S8FutId4xdw8HpiwhqGmrt1bZwhNVvkKT7dUbQ257so&dib_tag=se&keywords=laptop&qid=1752660503&sr=8-67&xpid=ZfD8Q9i4lztCI
"ASUS TUF Gaming F16 Gaming Laptop, 16” FHD+ 144Hz IPS-Level 16:10 Display, Intel® Core™ 5 210H, NVIDIA® GeForce RTX™ 4050, 16GB DDR5, 512GB PCIe Gen4 SSD, Wi-Fi 6, Win11 Home, FX607VU-SS53",1099.99,32,https://www.amazon.com/ASUS-Gaming-Laptop-144Hz-IPS-Level/dp/B0F2JMX6RG/ref=sr_1_68?dib=eyJ2IjoiMSJ9.2hAZHjJOj_Zr_anlukyPW8BlPsHxl4l-M9WgnhfLvsiNAeump7MzPgzbXUrn-O_csdpXLFvs4k98oYI8r4g1wQ.S8FutId4xdw8HpiwhqGmrt1bZwhNVvkKT7dUbQ257so&dib_tag=se&keywords=laptop&qid=1752660503&sr=8-68&xpid=ZfD8Q9i4lztCI
"ASUS TUF Gaming A15 Gaming Laptop, 15.6” FHD 144Hz Display, NVIDIA® GeForce RTX™ 3050, AMD Ryzen™ 5 7535HS, 8GB DDR5, 512GB PCIe® Gen4 NVMe™ SSD, Wi-Fi 6, Windows 11, FA506NC-ES51",849.99,416,https://www.amazon.com/ASUS-Display-NVIDIA%C2%AE-GeForce-FA506NC-ES51/dp/B0CRDB8G1G/ref=sr_1_69?dib=eyJ2IjoiMSJ9.2hAZHjJOj_Zr_anlukyPW8BlPsHxl4l-M9WgnhfLvsiNAeump7MzPgzbXUrn-O_csdpXLFvs4k98oYI8r4g1wQ.S8FutId4xdw8HpiwhqGmrt1bZwhNVvkKT7dUbQ257so&dib_tag=se&keywords=laptop&qid=1752660503&sr=8-69&xpid=ZfD8Q9i4lztCI
"Lenovo Ideapad 1 Laptop, 15.6"" FHD (1920x1080) IPS 300nits Anti-Glare Display, Touch, Ryzen 5 7520U, 8GB RAM, 256GB Storage, AMD Radeon Graphics, HDMI, Windows 11, HDMI, Abyss Blue",392.9,1706,https://www.amazon.com/Lenovo-Ideapad-1920x1080-Anti-Glare-Graphics/dp/B0D8Y8KBJR/ref=sr_1_81?dib=eyJ2IjoiMSJ9.Txa2J38YvCafbZJqCRBYElyfVoj-HhjVzu763e0HhJxvgBhc06A7m6B8PYrK642LqdHaVWoeOhD6or6N9lPSSw.wwZbxPq86RO-Z4ey2fAthrvSkb3L0UlA1Xv5yTSURPE&dib_tag=se&keywords=laptop&qid=1752660507&sr=8-81&xpid=ZfD8Q9i4lztCI
"HP 15.6"" Portable Laptop (Include 1 Year Microsoft 365), HD Display, Intel Quad-Core N200 Processor, 16GB RAM, 128GB Storage, Wi-Fi 6, Webcam, HDMI, Numeric Keypad, Windows 11 Home, Silver",308.0,1149,https://www.amazon.com/HP-Portable-Microsoft-Quad-Core-Processor/dp/B0CL7Z6GTZ/ref=sr_1_82?dib=eyJ2IjoiMSJ9.Txa2J38YvCafbZJqCRBYElyfVoj-HhjVzu763e0HhJxvgBhc06A7m6B8PYrK642LqdHaVWoeOhD6or6N9lPSSw.wwZbxPq86RO-Z4ey2fAthrvSkb3L0UlA1Xv5yTSURPE&dib_tag=se&keywords=laptop&qid=1752660507&sr=8-82&xpid=ZfD8Q9i4lztCI
"ASUS 14"" FHD Laptop, Intel Celeron N4500, 4GB Memory on Board, 64GB eMMC, Intel Iris Xe Graphics, Media Card Reader, Quiet Blue, E410KA-CL464",159.0,44,https://www.amazon.com/ASUS-Laptop-Celeron-Graphics-E410KA-CL464/dp/B0D8HZZM31/ref=sr_1_83?dib=eyJ2IjoiMSJ9.Txa2J38YvCafbZJqCRBYElyfVoj-HhjVzu763e0HhJxvgBhc06A7m6B8PYrK642LqdHaVWoeOhD6or6N9lPSSw.wwZbxPq86RO-Z4ey2fAthrvSkb3L0UlA1Xv5yTSURPE&dib_tag=se&keywords=laptop&qid=1752660507&sr=8-83&xpid=ZfD8Q9i4lztCI
"Asus Vivobook 15.6"" FHD Laptop | Intel Core i5-1135G7 | Intel Iris Xe Graphics | 36GB RAM | 1024GB SSD | Windows 11 Home | Black | Bundle with USB 3.0 Hub",439.99,5,https://www.amazon.com/ASUS-Vivobook-i5-1135G7-Graphics-Windows/dp/B0CCV6KBNY/ref=sr_1_84?dib=eyJ2IjoiMSJ9.Txa2J38YvCafbZJqCRBYElyfVoj-HhjVzu763e0HhJxvgBhc06A7m6B8PYrK642LqdHaVWoeOhD6or6N9lPSSw.wwZbxPq86RO-Z4ey2fAthrvSkb3L0UlA1Xv5yTSURPE&dib_tag=se&keywords=laptop&qid=1752660507&sr=8-84&xpid=ZfD8Q9i4lztCI
"MSI Thin 15 Gaming Laptop 15.6"" FHD IPS 144Hz Intel Octa-core i5-13420H (Beats i7-12650H) 16GB RAM 512GB SSD GeForce RTX 4060 Backlit USB-C Win11 w/ICP Hub",825.0,5,https://www.amazon.com/MSI-Octa-core-i5-13420H-i7-12650H-GeForce/dp/B0F21ZC4FM/ref=sr_1_85?dib=eyJ2IjoiMSJ9.Txa2J38YvCafbZJqCRBYElyfVoj-HhjVzu763e0HhJxvgBhc06A7m6B8PYrK642LqdHaVWoeOhD6or6N9lPSSw.wwZbxPq86RO-Z4ey2fAthrvSkb3L0UlA1Xv5yTSURPE&dib_tag=se&keywords=laptop&qid=1752660507&sr=8-85&xpid=ZfD8Q9i4lztCI
"HP New 14"" HD Ultral Light Thin Laptop, Quad-Core Intel Celeron Processor, 16GB RAM, 564GB (64GB eMMC+ 500GB Ext), Wi-Fi, Upto 11 Hours, Windows 11 S + 1 Year Office 365+HubxcelAccessory, Royal Blue",296.1,182,https://www.amazon.com/HP-14-Laptop-Quad-Core-HubxcelAccessory/dp/B0DXPFG3SJ/ref=sr_1_99?dib=eyJ2IjoiMSJ9.KmYqobSAn2oB_KzQ7unLV0DXymL_lbMI3cjSXxqvSqIz3LLRjMrHX2RuqWgQ3XR2B8HyeDiUbFCAxugbp73qrVQhh3noMYFrlzu-InPDioSIT27K-GAFXYWa1sZSNM2rkDkdNzpbiRkVGO2SvGsYA8la85ew2Q_OK4u0Sox3jqNE_OrOR-Zx2CaofvJmALsoxhoB2PTDjagSF6hjOSN9lwvc0oa5xOnRxpS0MVyEq5o.t044gQLYeOMu8exo6wKkfuMNulEu2XgHMCR_Py2mjes&dib_tag=se&keywords=laptop&qid=1752660509&sr=8-99&xpid=ZfD8Q9i4lztCI
"HP Victus 15.6"" 144Hz FHD Gaming Laptop,AMD Ryzen 5 7535HS,32GB DDR5 RAM,1TB SSD,AMD Radeon RX 6550M,Beats RTX 2050,Backlit Keyboard,Windows11 Pro, Mica Silver",687.07,7,https://www.amazon.com/HP-Victus-Backlit-Keyboard-Windows11/dp/B0DDW7DMM2/ref=sr_1_113?dib=eyJ2IjoiMSJ9.ujshMfZnlmHyZKl4Q_28INvbKFQ6E26tWBuZ2EGSq_dxyykjuazUDBx9QF9kU-uyw-jS1x0gi5YD57vxbUIcUQ.wlPp5yjXYmvfFPJhPy50pAgJBlZQGcyRQ43OWmVXWBk&dib_tag=se&keywords=laptop&qid=1752660511&sr=8-113&xpid=ZfD8Q9i4lztCI
"Laptop Computer 15.6"" Full HD IPS Display Laptop with N97 Processor(Up to 3.6GHz)Work Laptops 16GB RAM 512GB SSD Windows 11 Laptop Business Computer Light&Thin, Metal Shell, Webcam, Type-C, USB3.2",1399.99,12,https://www.amazon.com/AOC-Computer-Display-Processor-Business/dp/B0F18Z63RD/ref=sr_1_114?dib=eyJ2IjoiMSJ9.ujshMfZnlmHyZKl4Q_28INvbKFQ6E26tWBuZ2EGSq_dxyykjuazUDBx9QF9kU-uyw-jS1x0gi5YD57vxbUIcUQ.wlPp5yjXYmvfFPJhPy50pAgJBlZQGcyRQ43OWmVXWBk&dib_tag=se&keywords=laptop&qid=1752660511&sr=8-114&xpid=ZfD8Q9i4lztCI
"15.6"" Gaming-Laptop-Computer, 12th Inter 12-Core i5-1240P (Beat i5-12450H, Up to 4.4GHz) 16GB DDR4 512GB SSD, Windows 11 Laptop, FHD IPS Display,Fingerprint,Backlit,WiFi 6,BT5.2, 65W Type-C",1799.99,3,https://www.amazon.com/BLUEING-Gaming-Laptop-Computer-i5-1240P-i5-12450H-Fingerprint/dp/B0FB8KW5FR/ref=sr_1_115?dib=eyJ2IjoiMSJ9.ujshMfZnlmHyZKl4Q_28INvbKFQ6E26tWBuZ2EGSq_dxyykjuazUDBx9QF9kU-uyw-jS1x0gi5YD57vxbUIcUQ.wlPp5yjXYmvfFPJhPy50pAgJBlZQGcyRQ43OWmVXWBk&dib_tag=se&keywords=laptop&qid=1752660511&sr=8-115&xpid=ZfD8Q9i4lztCI
"jumper 2 in 1 Laptop, 16 inch Convertible Laptop Computer with IPS FHD 360 Degree Touchscreen, 640GB Storage, 16GB RAM, Fingerprint Reader, Backlit Keyboard, Celeron N5095, 53.2WH, WiFi 6",1333.39,55,https://www.amazon.com/jumper-Convertible-Computer-Touchscreen-Fingerprint/dp/B0F8TSFHCH/ref=sr_1_116?dib=eyJ2IjoiMSJ9.ujshMfZnlmHyZKl4Q_28INvbKFQ6E26tWBuZ2EGSq_dxyykjuazUDBx9QF9kU-uyw-jS1x0gi5YD57vxbUIcUQ.wlPp5yjXYmvfFPJhPy50pAgJBlZQGcyRQ43OWmVXWBk&dib_tag=se&keywords=laptop&qid=1752660511&sr=8-116&xpid=ZfD8Q9i4lztCI
"Laptop Computer, 8GB RAM, 128GB SSD, Quad-Core N5095 Processor Laptop, 14"" HD Display Laptops, Support WiFi 5, Bluetooth 5.0, USB 3.0, Webcam, Pre-Installed Office Pro Plus 2024",199.0,62,https://www.amazon.com/WIPEMIK-Quad-Core-N5095-Processor-Pre-Installed/dp/B0DFHC73MX/ref=sr_1_117?dib=eyJ2IjoiMSJ9.ujshMfZnlmHyZKl4Q_28INvbKFQ6E26tWBuZ2EGSq_dxyykjuazUDBx9QF9kU-uyw-jS1x0gi5YD57vxbUIcUQ.wlPp5yjXYmvfFPJhPy50pAgJBlZQGcyRQ43OWmVXWBk&dib_tag=se&keywords=laptop&qid=1752660511&sr=8-117&xpid=ZfD8Q9i4lztCI
"2025 AMD Laptop, 16.0inch Laptop Computer with AMD Ryzen 7 5700U(8C/16T, Up to 4.3GHz), 16GB RAM 512GB NVMe SSD Windows 11 Laptop, Radeon RX Vega 8 Graphics,WiFi 6, Backlit KB,53Wh Battery,Gray",424.99,16,https://www.amazon.com/16-0inch-Computer-Windows-Graphics-Backlit/dp/B0F6MZCH41/ref=sr_1_129?dib=eyJ2IjoiMSJ9.7FBSOXiB5HUZiOAcpxXHluZaLvNuEM5poz4hp1XEgfFXJ4xvBhkzwstokNyuVoJwsGJ0cRPw--AC6TJmiHjd-5Rb_Jz2R3RjHxv1yXfbUCFTcUTyZDyXwrZR4H06b91IvcIpOWcCuKp4XOBOfT85XS3SNPsE--JNLhPjrAWFssA1m2tgyD5kwCiFdBX3izJNu4fEHoqO9mFfq7i5RPrmZ5TCKhUGoYh1cxoVE3wJ3kM.8LK64XyTRN-lHRJULr7w_s3JNxXeOZQmbsgXzDbS_EY&dib_tag=se&keywords=laptop&qid=1752660514&sr=8-129&xpid=ZfD8Q9i4lztCI
"HP 15 Notebook Laptop, 15.6"" Full HD Display, Intel Core i5-1135G7 Processor, 32GB DDR4 RAM, 1TB PCIe SSD, USB Type-C, Webcam, Wi-Fi, Windows 11 Home, Silver",509.0,72,https://www.amazon.com/HP-Notebook-i5-1135G7-Processor-Fingerprint/dp/B09X87GW3P/ref=sr_1_130?dib=eyJ2IjoiMSJ9.7FBSOXiB5HUZiOAcpxXHluZaLvNuEM5poz4hp1XEgfFXJ4xvBhkzwstokNyuVoJwsGJ0cRPw--AC6TJmiHjd-5Rb_Jz2R3RjHxv1yXfbUCFTcUTyZDyXwrZR4H06b91IvcIpOWcCuKp4XOBOfT85XS3SNPsE--JNLhPjrAWFssA1m2tgyD5kwCiFdBX3izJNu4fEHoqO9mFfq7i5RPrmZ5TCKhUGoYh1cxoVE3wJ3kM.8LK64XyTRN-lHRJULr7w_s3JNxXeOZQmbsgXzDbS_EY&dib_tag=se&keywords=laptop&qid=1752660514&sr=8-130&xpid=ZfD8Q9i4lztCI
"15.6'' Laptop Computer,1080P FHD Display,8GB RAM,512GB SSD, Intel N5095 CPU Business Laptop,Numeric Keypad,Backlit Keyboard,Fingerprint Unlock,SD Card Reader,Webcam, 5GWiFi, HDMI,Silver",198.54,31,https://www.amazon.com/Trygood-Computer-Business-Keyboard-Fingerprint/dp/B0DLGW67C4/ref=sr_1_131?dib=eyJ2IjoiMSJ9.7FBSOXiB5HUZiOAcpxXHluZaLvNuEM5poz4hp1XEgfFXJ4xvBhkzwstokNyuVoJwsGJ0cRPw--AC6TJmiHjd-5Rb_Jz2R3RjHxv1yXfbUCFTcUTyZDyXwrZR4H06b91IvcIpOWcCuKp4XOBOfT85XS3SNPsE--JNLhPjrAWFssA1m2tgyD5kwCiFdBX3izJNu4fEHoqO9mFfq7i5RPrmZ5TCKhUGoYh1cxoVE3wJ3kM.8LK64XyTRN-lHRJULr7w_s3JNxXeOZQmbsgXzDbS_EY&dib_tag=se&keywords=laptop&qid=1752660514&sr=8-131&xpid=ZfD8Q9i4lztCI
New Business & Student School Laptop 14 inch FHD Display Pentiu.m N6000 Processor 4GB Memory 64GB eMMC Webcam Wi-Fi HDMI USB-C Touchpad up to 10 Hours Long Battery Life Win 11 Home in S Mode Black,169.0,58,https://www.amazon.com/Business-Student-Intel-Pentium-Processor-Touchpad/dp/B0DPHGKYF3/ref=sr_1_132?dib=eyJ2IjoiMSJ9.7FBSOXiB5HUZiOAcpxXHluZaLvNuEM5poz4hp1XEgfFXJ4xvBhkzwstokNyuVoJwsGJ0cRPw--AC6TJmiHjd-5Rb_Jz2R3RjHxv1yXfbUCFTcUTyZDyXwrZR4H06b91IvcIpOWcCuKp4XOBOfT85XS3SNPsE--JNLhPjrAWFssA1m2tgyD5kwCiFdBX3izJNu4fEHoqO9mFfq7i5RPrmZ5TCKhUGoYh1cxoVE3wJ3kM.8LK64XyTRN-lHRJULr7w_s3JNxXeOZQmbsgXzDbS_EY&dib_tag=se&keywords=laptop&qid=1752660514&sr=8-132&xpid=ZfD8Q9i4lztCI
"ASUS TUF Gaming F16 (2024) Gaming Laptop, 16” FHD+ 144Hz IPS-Level 16:10 Display, Intel® Core™ 5 210H Processor, NVIDIA® GeForce RTX™ 4050, 8GB DDR5, 512GB PCIe Gen4 SSD, Wi-Fi 6, Windows 11 Home",999.99,53,https://www.amazon.com/ASUS-Gaming-Laptop-144Hz-IPS-Level/dp/B0F1B8Q5GT/ref=sr_1_133?dib=eyJ2IjoiMSJ9.7FBSOXiB5HUZiOAcpxXHluZaLvNuEM5poz4hp1XEgfFXJ4xvBhkzwstokNyuVoJwsGJ0cRPw--AC6TJmiHjd-5Rb_Jz2R3RjHxv1yXfbUCFTcUTyZDyXwrZR4H06b91IvcIpOWcCuKp4XOBOfT85XS3SNPsE--JNLhPjrAWFssA1m2tgyD5kwCiFdBX3izJNu4fEHoqO9mFfq7i5RPrmZ5TCKhUGoYh1cxoVE3wJ3kM.8LK64XyTRN-lHRJULr7w_s3JNxXeOZQmbsgXzDbS_EY&dib_tag=se&keywords=laptop&qid=1752660514&sr=8-133&xpid=ZfD8Q9i4lztCI
"ASUS Vivobook 14 Flip Laptop Copilot+ PC, 14” OLED WUXGA 60Hz Touch Display, Intel® Core™ Ultra 5 226V, Intel® Arc™ Graphics, 16GB Memory, 512GB Storage, Windows 11, Matte Gray, TP3407SA-ES54T",944.99,10,https://www.amazon.com/ASUS-Vivobook-Copilot-Graphics-TP3407SA-ES54T/dp/B0DT7PJKZ5/ref=sr_1_146?dib=eyJ2IjoiMSJ9.1Toc_lO3oOKrgNWtX6AoO9l287a6yzmjyZS6sKGgeLEkf5QGoR0rZHOGht79SZYlDWAabKqZf_W3PESohb2ohg.nKHaR66kj47Ur2XAZ2LaJ261jx01_4U_cdQ0f7h0sQg&dib_tag=se&keywords=laptop&qid=1752660515&sr=8-146&xpid=ZfD8Q9i4lztCI
"15.6"" FHD 1080P Bussiness Laptop Celeron N5095 Quad-Core, 16GB RAM, 512GB SSD, Win11 Pro, Backlit Keyboard, Long Battery (5000mAh), WiFi 5, USB 3.0, HDMI, Lightweight Includes Mouse & Mouse Pad",199.0,7,https://www.amazon.com/TOPGRO-Bussiness-Quad-Core-Keyboard-Lightweight/dp/B0F1K8JBW2/ref=sr_1_148?dib=eyJ2IjoiMSJ9.1Toc_lO3oOKrgNWtX6AoO9l287a6yzmjyZS6sKGgeLEkf5QGoR0rZHOGht79SZYlDWAabKqZf_W3PESohb2ohg.nKHaR66kj47Ur2XAZ2LaJ261jx01_4U_cdQ0f7h0sQg&dib_tag=se&keywords=laptop&qid=1752660515&sr=8-148&xpid=ZfD8Q9i4lztCI
"15.6 inch Win11 Laptop Computer, 1920x1080 IPS Screen, 12GB DDR5 RAM / 512GB SSD, N95(Beats N5095) Processor Notebook PC, Support Fingerprint, WiFi 5, BT, Full Size Keyboard",249.0,66,https://www.amazon.com/ITAMRYO-Computer-1920x1080-Processor-Notebook/dp/B0DBZ6ZTVR/ref=sr_1_149?dib=eyJ2IjoiMSJ9.1Toc_lO3oOKrgNWtX6AoO9l287a6yzmjyZS6sKGgeLEkf5QGoR0rZHOGht79SZYlDWAabKqZf_W3PESohb2ohg.nKHaR66kj47Ur2XAZ2LaJ261jx01_4U_cdQ0f7h0sQg&dib_tag=se&keywords=laptop&qid=1752660515&sr=8-149&xpid=ZfD8Q9i4lztCI
"16 Inch Gaming Laptop, Laptop Computer 2025 Windows 11 Pro, 16GB RAM 512GB SSD, Intel 12th Gen N95 Processor(up to 3.4GHz), Backlit Keyboard, Fingerprint Unlock, FHD 1920 * 1200",329.99,995,https://www.amazon.com/FUNYET-Computer-Processor-Fingerprint-Keyboard/dp/B0CGRTXH96/ref=sr_1_162?dib=eyJ2IjoiMSJ9.eQ_MCltSot4lVg7969OUoTVX2l3Iyz7uX7ZsxyplKV8hCOBa8mk7rMDksEbX4Os70sZoQHp99EWOC4D6qvQREJUamrC3ka7ka1ioci4-kpp7c0sigqt0F6UKoUCXFKdJ5duaQkxnwWxbRZ_3-Wsqct9MP6aQKjtCTtYJxUHOApgOvYYQTQhULSFDct7Xr4MAGBzNJYZneGabxWBqF__piyyodeOnkB1Q9Vh62TzEJ1k.9a2YagoogoNaL55tNzGzdAY47ns0_AK_J79vcU89rS0&dib_tag=se&keywords=laptop&qid=1752660518&sr=8-162&xpid=ZfD8Q9i4lztCI
"ASUS Vivobook Laptop, 16"" FHD+ (1920 x 1200) Display, Intel Core i7-1255U Processor, 16GB RAM, 2TB SSD, Webcam, HDMI, Wi-Fi, Windows 11 Home, Black",703.0,126,https://www.amazon.com/ASUS-Vivobook-Display-i7-1255U-Processor/dp/B0CVZG1NZQ/ref=sr_1_163?dib=eyJ2IjoiMSJ9.eQ_MCltSot4lVg7969OUoTVX2l3Iyz7uX7ZsxyplKV8hCOBa8mk7rMDksEbX4Os70sZoQHp99EWOC4D6qvQREJUamrC3ka7ka1ioci4-kpp7c0sigqt0F6UKoUCXFKdJ5duaQkxnwWxbRZ_3-Wsqct9MP6aQKjtCTtYJxUHOApgOvYYQTQhULSFDct7Xr4MAGBzNJYZneGabxWBqF__piyyodeOnkB1Q9Vh62TzEJ1k.9a2YagoogoNaL55tNzGzdAY47ns0_AK_J79vcU89rS0&dib_tag=se&keywords=laptop&qid=1752660518&sr=8-163&xpid=ZfD8Q9i4lztCI
"Laptop 15.6 Inch Win 11 Laptop Computer 32GB RAM 1TB SSD, Celeron N5095 Processor(Up to 2.9 GHz), 1080P FHD Display, Backlit Keyboard, Fingerprint, Laptops for Business, Student",279.99,0,https://www.amazon.com/Wvryrv-Computer-Processor-Keyboard-Fingerprint/dp/B0F8TVM3L3/ref=sr_1_164?dib=eyJ2IjoiMSJ9.eQ_MCltSot4lVg7969OUoTVX2l3Iyz7uX7ZsxyplKV8hCOBa8mk7rMDksEbX4Os70sZoQHp99EWOC4D6qvQREJUamrC3ka7ka1ioci4-kpp7c0sigqt0F6UKoUCXFKdJ5duaQkxnwWxbRZ_3-Wsqct9MP6aQKjtCTtYJxUHOApgOvYYQTQhULSFDct7Xr4MAGBzNJYZneGabxWBqF__piyyodeOnkB1Q9Vh62TzEJ1k.9a2YagoogoNaL55tNzGzdAY47ns0_AK_J79vcU89rS0&dib_tag=se&keywords=laptop&qid=1752660518&sr=8-164&xpid=ZfD8Q9i4lztCI
"14"" Itel Laptop Computer- Intel Celeron N3350 (Dual-Core) | 4GB RAM | 256GB SSD | Ultra Slim Design | HDMI & USB 3.2 | 2.4G/5G WiFi | Webcam | for Home, Office & School",141.99,9,https://www.amazon.com/LETSUNG-Laptop-Computer-Celeron-Dual-Core/dp/B0F37M368B/ref=sr_1_165?dib=eyJ2IjoiMSJ9.eQ_MCltSot4lVg7969OUoTVX2l3Iyz7uX7ZsxyplKV8hCOBa8mk7rMDksEbX4Os70sZoQHp99EWOC4D6qvQREJUamrC3ka7ka1ioci4-kpp7c0sigqt0F6UKoUCXFKdJ5duaQkxnwWxbRZ_3-Wsqct9MP6aQKjtCTtYJxUHOApgOvYYQTQhULSFDct7Xr4MAGBzNJYZneGabxWBqF__piyyodeOnkB1Q9Vh62TzEJ1k.9a2YagoogoNaL55tNzGzdAY47ns0_AK_J79vcU89rS0&dib_tag=se&keywords=laptop&qid=1752660518&sr=8-165&xpid=ZfD8Q9i4lztCI
"16 Inch Gaming Laptop, i5 Laptop up to 3.60GHZ, Laptops 1920 x 1200 HD Display, 16GB RAM 1TB SSD, WiFi5, Webcam, BT5.0, Mini HDMI, RJ45, Backlit Keyboard Laptops Computers,gaming computer,pc computers",399.99,14,https://www.amazon.com/i5-Keyboard-Computers-computer-computers/dp/B0DYDQNCGR/ref=sr_1_166?dib=eyJ2IjoiMSJ9.eQ_MCltSot4lVg7969OUoTVX2l3Iyz7uX7ZsxyplKV8hCOBa8mk7rMDksEbX4Os70sZoQHp99EWOC4D6qvQREJUamrC3ka7ka1ioci4-kpp7c0sigqt0F6UKoUCXFKdJ5duaQkxnwWxbRZ_3-Wsqct9MP6aQKjtCTtYJxUHOApgOvYYQTQhULSFDct7Xr4MAGBzNJYZneGabxWBqF__piyyodeOnkB1Q9Vh62TzEJ1k.9a2YagoogoNaL55tNzGzdAY47ns0_AK_J79vcU89rS0&dib_tag=se&keywords=laptop&qid=1752660518&sr=8-166&xpid=ZfD8Q9i4lztCI
"HP Pavilion Touch Laptop - Intel Business Laptop i7-1255U Beat i9-8950HK - 15.6"" FHD Display - 16GB RAM -512GB PCIe SSD - Intel Iris Xe Graphics - W/Mouse",679.99,0,https://www.amazon.com/HP-Pavilion-Touch-Laptop-i9-8950HK/dp/B0F31S9HYJ/ref=sr_1_180?dib=eyJ2IjoiMSJ9.GX75nNeyluz7Sz1gP95UefRaNThRkIRYanXdU5MOGJzQ3ibII4cCppb6jgiODjUxEJ3U10REUMojEldbO3ZbkvoiUpbwAANtWuZr4fRMEZQyLEUTwoYkpshiNTl5j-eSSjgbbyvudpqk92-TecTXk-eIJwKEwRsGuO5iOMrtL66XRN199prciji5hYAp5yZMUTPZBvufUXUOSpraHvofBF_d55yLVaOx8sZpEMBOq_4.ocD5McfhzT5MowZtaXfmIF72L9z8_sN0833mLCjPdgg&dib_tag=se&keywords=laptop&qid=1752660519&sr=8-180&xpid=ZfD8Q9i4lztCI
HP 17inch Touchscreen Laptop AI PC -10Core Intel i7-150U Beat i7-1355U -Backlit Keyboard -Windows 11 - Office 365 One Year -Computadora Laptop- Work Business College (64GB RAM| 2TB PCIe SSD),989.99,150,https://www.amazon.com/HP-17inch-Touchscreen-Laptop-i7-1355U/dp/B0DSPKQJL8/ref=sr_1_181?dib=eyJ2IjoiMSJ9.GX75nNeyluz7Sz1gP95UefRaNThRkIRYanXdU5MOGJzQ3ibII4cCppb6jgiODjUxEJ3U10REUMojEldbO3ZbkvoiUpbwAANtWuZr4fRMEZQyLEUTwoYkpshiNTl5j-eSSjgbbyvudpqk92-TecTXk-eIJwKEwRsGuO5iOMrtL66XRN199prciji5hYAp5yZMUTPZBvufUXUOSpraHvofBF_d55yLVaOx8sZpEMBOq_4.ocD5McfhzT5MowZtaXfmIF72L9z8_sN0833mLCjPdgg&dib_tag=se&keywords=laptop&qid=1752660519&sr=8-181&xpid=ZfD8Q9i4lztCI
"15.6"" Laptop, Ryzen 5 3500U (Up to 3.7GHz) Quad-Core Processor, 32GB DDR4 RAM, 1TB NVMe SSD, Portable Notebook with Adjustable Touchpad, Privacy Webcam Switch-Grey (32GB DDR4 | 1TB SSD)",419.99,3,https://www.amazon.com/AocBook-Quad-Core-Processor-Adjustable-Switch-Grey/dp/B0F6N2Q77W/ref=sr_1_182?dib=eyJ2IjoiMSJ9.GX75nNeyluz7Sz1gP95UefRaNThRkIRYanXdU5MOGJzQ3ibII4cCppb6jgiODjUxEJ3U10REUMojEldbO3ZbkvoiUpbwAANtWuZr4fRMEZQyLEUTwoYkpshiNTl5j-eSSjgbbyvudpqk92-TecTXk-eIJwKEwRsGuO5iOMrtL66XRN199prciji5hYAp5yZMUTPZBvufUXUOSpraHvofBF_d55yLVaOx8sZpEMBOq_4.ocD5McfhzT5MowZtaXfmIF72L9z8_sN0833mLCjPdgg&dib_tag=se&keywords=laptop&qid=1752660519&sr=8-182&xpid=ZfD8Q9i4lztCI
"15.6"" FHD Gaming Laptop with AMD Ryzen 9 6900HX (8/16, Up to 4.9GHz), 32GB DDR5 RAM, 1TB NVMe SSD Windows 11 Pro Laptops, Backlit KB, Privacy Camera, USB-C, Fingerprint Reader, High-Performance",694.91,0,https://www.amazon.com/AMD-Ryzen-6900HX-Fingerprint-High-Performance/dp/B0DXF3ZLPR/ref=sr_1_183?dib=eyJ2IjoiMSJ9.GX75nNeyluz7Sz1gP95UefRaNThRkIRYanXdU5MOGJzQ3ibII4cCppb6jgiODjUxEJ3U10REUMojEldbO3ZbkvoiUpbwAANtWuZr4fRMEZQyLEUTwoYkpshiNTl5j-eSSjgbbyvudpqk92-TecTXk-eIJwKEwRsGuO5iOMrtL66XRN199prciji5hYAp5yZMUTPZBvufUXUOSpraHvofBF_d55yLVaOx8sZpEMBOq_4.ocD5McfhzT5MowZtaXfmIF72L9z8_sN0833mLCjPdgg&dib_tag=se&keywords=laptop&qid=1752660519&sr=8-183&xpid=ZfD8Q9i4lztCI
"Dell Latitude 3550 Laptop Computer for Business and Work, Intel Core i5-1335U (Beat i7-1255U), 32GB DDR5 RAM, 1TB PCIe SSD, 15.6"" FHD, WiFi 6E, Bluetooth, FHD Webcam, USB4 Type-C, Windows 11 Pro",749.0,25,https://www.amazon.com/Dell-Latitude-3550-Computer-Bluetooth/dp/B0D2P42J67/ref=sr_1_193?dib=eyJ2IjoiMSJ9.jRPMU9Bs6kYsBkBfbAAB0INQQItX0gjtM0kihIaEmt7gqufc6RGuXL6LdqPeW_f_qRy5F2O8gC-AlT_IPtQI-g.iH-MaRKJYpLzd9FNmJYKT4bmzqghFHbSvRufnJdb5Dg&dib_tag=se&keywords=laptop&qid=1752660520&sr=8-193&xpid=ZfD8Q9i4lztCI
"16 Inch Laptop Computer - AMD Ryzen 3 3250U Processor (2C/4T,2.6-3.5GHz), 1920×1200 FHD IPS Display, 16GB RAM 512GB SSD, 1MP Webcam, Fingerprint, Backlit Keyboard, Laptops for Business Student, Gray",299.99,3,https://www.amazon.com/Inch-Laptop-Computer-2-6-3-5GHz-Fingerprint/dp/B0DXYTHV6M/ref=sr_1_194?dib=eyJ2IjoiMSJ9.jRPMU9Bs6kYsBkBfbAAB0INQQItX0gjtM0kihIaEmt7gqufc6RGuXL6LdqPeW_f_qRy5F2O8gC-AlT_IPtQI-g.iH-MaRKJYpLzd9FNmJYKT4bmzqghFHbSvRufnJdb5Dg&dib_tag=se&keywords=laptop&qid=1752660520&sr=8-194&xpid=ZfD8Q9i4lztCI
"Lenovo Yoga 7 2-in-1 14"" WUXGA (1920x1200) Touchscreen Laptop, 3.5GHz, 6-core AMD Ryzen 5 8640HS, 8GB LPDDR5 RAM, 512GB SSD, Backlit Keyboard, Fingerprint, Wi-Fi 6, Win11, Artic Grey, EAT Accessories",565.0,1,https://www.amazon.com/Lenovo-Touchscreen-AMD-Fingerprint-Accessories/dp/B0F6C7C8CX/ref=sr_1_195?dib=eyJ2IjoiMSJ9.jRPMU9Bs6kYsBkBfbAAB0INQQItX0gjtM0kihIaEmt7gqufc6RGuXL6LdqPeW_f_qRy5F2O8gC-AlT_IPtQI-g.iH-MaRKJYpLzd9FNmJYKT4bmzqghFHbSvRufnJdb5Dg&dib_tag=se&keywords=laptop&qid=1752660520&sr=8-195&xpid=ZfD8Q9i4lztCI
"2025 16 Inch Laptop Computer, N150 (4C/4T, Up to 3.6GHz),16GB RAM 1TB SSD Windows 11 Laptop, WiFi 5 /BT4.2,1920x1200 IPS, Backlit Keyboard 6Hrs Battery/Mini HDMI/USB-C*3 -NavyBlue",369.99,6,https://www.amazon.com/CHIFUYOU-Computer-1920x1200-Keyboard-NavyBlue/dp/B0F638H1YD/ref=sr_1_196?dib=eyJ2IjoiMSJ9.jRPMU9Bs6kYsBkBfbAAB0INQQItX0gjtM0kihIaEmt7gqufc6RGuXL6LdqPeW_f_qRy5F2O8gC-AlT_IPtQI-g.iH-MaRKJYpLzd9FNmJYKT4bmzqghFHbSvRufnJdb5Dg&dib_tag=se&keywords=laptop&qid=1752660520&sr=8-196&xpid=ZfD8Q9i4lztCI
"16 Inch Laptop Computer,16GB RAM 1TB SSD,12th Gen Alder Lake N95 4C/4T Processor(up to 3.4Ghz),UHD Graphics,16” FHD 1920 * 1200 Display,WiFi 5,BT4.2,Backlit Keyboard,Fingerprint Unlock",359.99,47,https://www.amazon.com/NAIKLULU-Computer-Processor-Graphics-Fingerprint/dp/B0F5QGN39K/ref=sr_1_197?dib=eyJ2IjoiMSJ9.jRPMU9Bs6kYsBkBfbAAB0INQQItX0gjtM0kihIaEmt7gqufc6RGuXL6LdqPeW_f_qRy5F2O8gC-AlT_IPtQI-g.iH-MaRKJYpLzd9FNmJYKT4bmzqghFHbSvRufnJdb5Dg&dib_tag=se&keywords=laptop&qid=1752660520&sr=8-197&xpid=ZfD8Q9i4lztCI
"15.6 Inch Portable Laptop Monitor with USB C HDMI - HDR Eye Careful Gaming Monitor,FHD IPS/HDR Computer Screen Extender with Built-in Speakers -Compatible with Laptop PC Phone PS4/PS5 Switch",49.99,33,https://www.amazon.com/AHXJKA-Portable-Laptop-Monitor-Built/dp/B0DYSTFN38/ref=sr_1_209?dib=eyJ2IjoiMSJ9.Pp5hqkb1VDUmrObp1_g1tMx6o4RqH6WpTO5a28aaLIRDE2pxwy0B_uW0KB9qPF9ylTpwaf1ikkAJ-nBIpee1-LCw9eEGiKLIREThsH-sbPlQL4t4qtQ3RDTUIEmE0j6jdQ0thJoevbaCXVHwZ6vmxCjlJfwEgIcTBQR2HD-JJX4XK8ulA2Y5jKPBIjtHxzISBVsQ5_OPAhto1aRnzpTjcKGuCu7h0uex1tFSErm5sTw.K_UrJrsZDgrOWjn9CC4gIh6_4WAQ0TTeWY1OYS3fvq0&dib_tag=se&keywords=laptop&qid=1752660523&sr=8-209&xpid=ZfD8Q9i4lztCI
"Crucial 96GB DDR5 RAM, 5600MHz (or 5200MHz or 4800MHz) Laptop Memory Kit, SODIMM 262-Pin, Compatible with 13th Gen Intel Core and AMD Ryzen 6000 - CT2K48G56C46S5",194.89,9934,https://www.amazon.com/Crucial-2x48GB-5600MT-5200MT-CT2K48G56C46S5/dp/B0C79K5VGZ/ref=sr_1_210?dib=eyJ2IjoiMSJ9.Pp5hqkb1VDUmrObp1_g1tMx6o4RqH6WpTO5a28aaLIRDE2pxwy0B_uW0KB9qPF9ylTpwaf1ikkAJ-nBIpee1-LCw9eEGiKLIREThsH-sbPlQL4t4qtQ3RDTUIEmE0j6jdQ0thJoevbaCXVHwZ6vmxCjlJfwEgIcTBQR2HD-JJX4XK8ulA2Y5jKPBIjtHxzISBVsQ5_OPAhto1aRnzpTjcKGuCu7h0uex1tFSErm5sTw.K_UrJrsZDgrOWjn9CC4gIh6_4WAQ0TTeWY1OYS3fvq0&dib_tag=se&keywords=laptop&qid=1752660523&sr=8-210&xpid=ZfD8Q9i4lztCI
"BESIGN LS03 Aluminum Laptop Stand, Ergonomic Detachable Computer Stand, Notebook Riser Compatible with Air, Pro, Dell, HP, Lenovo More 10-15.6"" Laptops, Silver",15.99,20411,https://www.amazon.com/BESIGN-Aluminum-Ergonomic-Detachable-Compatible/dp/B08BRCT4JH/ref=sr_1_211?dib=eyJ2IjoiMSJ9.Pp5hqkb1VDUmrObp1_g1tMx6o4RqH6WpTO5a28aaLIRDE2pxwy0B_uW0KB9qPF9ylTpwaf1ikkAJ-nBIpee1-LCw9eEGiKLIREThsH-sbPlQL4t4qtQ3RDTUIEmE0j6jdQ0thJoevbaCXVHwZ6vmxCjlJfwEgIcTBQR2HD-JJX4XK8ulA2Y5jKPBIjtHxzISBVsQ5_OPAhto1aRnzpTjcKGuCu7h0uex1tFSErm5sTw.K_UrJrsZDgrOWjn9CC4gIh6_4WAQ0TTeWY1OYS3fvq0&dib_tag=se&keywords=laptop&qid=1752660523&sr=8-211&xpid=ZfD8Q9i4lztCI
"ARZOPA Portable Monitor 15.6'' FHD 1080P - Ultra-Slim Portable Laptop Monitor with Kickstand - IPS Display for PC, MAC, Phone, Xbox, PS5 - USB C & HDMI Connectivity - A1",83.17,12860,https://www.amazon.com/ARZOPA-Portable-Monitor-15-6-1080P/dp/B0CH9XW8RK/ref=sr_1_212?dib=eyJ2IjoiMSJ9.Pp5hqkb1VDUmrObp1_g1tMx6o4RqH6WpTO5a28aaLIRDE2pxwy0B_uW0KB9qPF9ylTpwaf1ikkAJ-nBIpee1-LCw9eEGiKLIREThsH-sbPlQL4t4qtQ3RDTUIEmE0j6jdQ0thJoevbaCXVHwZ6vmxCjlJfwEgIcTBQR2HD-JJX4XK8ulA2Y5jKPBIjtHxzISBVsQ5_OPAhto1aRnzpTjcKGuCu7h0uex1tFSErm5sTw.K_UrJrsZDgrOWjn9CC4gIh6_4WAQ0TTeWY1OYS3fvq0&dib_tag=se&keywords=laptop&qid=1752660523&sr=8-212&xpid=ZfD8Q9i4lztCI
"FOPO 15.6"" Laptop Screen Extender Monitor Portable, Quad Monitor, Just 1 Cable for 3 Screens, FHD 1080P IPS Laptop Extender Compatible with Wins/Mac for 13.6"" - 17.3"" Laptops",699.99,4,https://www.amazon.com/FOPO-Extender-Monitor-Portable-Compatible/dp/B0FBM59J5B/ref=sr_1_213?dib=eyJ2IjoiMSJ9.Pp5hqkb1VDUmrObp1_g1tMx6o4RqH6WpTO5a28aaLIRDE2pxwy0B_uW0KB9qPF9ylTpwaf1ikkAJ-nBIpee1-LCw9eEGiKLIREThsH-sbPlQL4t4qtQ3RDTUIEmE0j6jdQ0thJoevbaCXVHwZ6vmxCjlJfwEgIcTBQR2HD-JJX4XK8ulA2Y5jKPBIjtHxzISBVsQ5_OPAhto1aRnzpTjcKGuCu7h0uex1tFSErm5sTw.K_UrJrsZDgrOWjn9CC4gIh6_4WAQ0TTeWY1OYS3fvq0&dib_tag=se&keywords=laptop&qid=1752660523&sr=8-213&xpid=ZfD8Q9i4lztCI
"FANGOR Portable Monitor, 15.6"" FHD 1080P Travel Monitor for Laptop, Ultra-Slim HDR IPS Computer Gaming Display, USB-C HDMI Screen Extender with Smart Cover for Laptop PC Phone Mac Xbox PS4/5 Switch",49.99,1055,https://www.amazon.com/FANGOR-Portable-Ultra-Slim-Computer-Extender/dp/B0CC2429BY/ref=sr_1_214?dib=eyJ2IjoiMSJ9.Pp5hqkb1VDUmrObp1_g1tMx6o4RqH6WpTO5a28aaLIRDE2pxwy0B_uW0KB9qPF9ylTpwaf1ikkAJ-nBIpee1-LCw9eEGiKLIREThsH-sbPlQL4t4qtQ3RDTUIEmE0j6jdQ0thJoevbaCXVHwZ6vmxCjlJfwEgIcTBQR2HD-JJX4XK8ulA2Y5jKPBIjtHxzISBVsQ5_OPAhto1aRnzpTjcKGuCu7h0uex1tFSErm5sTw.K_UrJrsZDgrOWjn9CC4gIh6_4WAQ0TTeWY1OYS3fvq0&dib_tag=se&keywords=laptop&qid=1752660523&sr=8-214&xpid=ZfD8Q9i4lztCI
"2025 Upgraded Laptop screen extender, 16.1"" FHD 1200P, 360° Rotating, Plug&Play, Ultra-Thin Zero Frame, Detachable Stand, portable monitor for laptop, Travel Monitor for Laptop/PC/Mac/Phone",129.98,166,https://www.amazon.com/Upgraded-extender-Rotating-Ultra-Thin-Detachable/dp/B0F32M5GP6/ref=sr_1_215?dib=eyJ2IjoiMSJ9.Pp5hqkb1VDUmrObp1_g1tMx6o4RqH6WpTO5a28aaLIRDE2pxwy0B_uW0KB9qPF9ylTpwaf1ikkAJ-nBIpee1-LCw9eEGiKLIREThsH-sbPlQL4t4qtQ3RDTUIEmE0j6jdQ0thJoevbaCXVHwZ6vmxCjlJfwEgIcTBQR2HD-JJX4XK8ulA2Y5jKPBIjtHxzISBVsQ5_OPAhto1aRnzpTjcKGuCu7h0uex1tFSErm5sTw.K_UrJrsZDgrOWjn9CC4gIh6_4WAQ0TTeWY1OYS3fvq0&dib_tag=se&keywords=laptop&qid=1752660523&sr=8-215&xpid=ZfD8Q9i4lztCI
"15.6 inch Laptop Screen Extender | FHD 1080P IPS Laptop Monitor Extender Dual Screen Display | Portable Monitor for Laptops 15.6-17.3"" | USB-C/HDMI Plug n Play for MacBook/Windows/Android/Switch/PS4",139.99,0,https://www.amazon.com/Extender-Monitor-Display-Portable-15-6-17-3/dp/B0FBMC39RQ/ref=sr_1_216?dib=eyJ2IjoiMSJ9.Pp5hqkb1VDUmrObp1_g1tMx6o4RqH6WpTO5a28aaLIRDE2pxwy0B_uW0KB9qPF9ylTpwaf1ikkAJ-nBIpee1-LCw9eEGiKLIREThsH-sbPlQL4t4qtQ3RDTUIEmE0j6jdQ0thJoevbaCXVHwZ6vmxCjlJfwEgIcTBQR2HD-JJX4XK8ulA2Y5jKPBIjtHxzISBVsQ5_OPAhto1aRnzpTjcKGuCu7h0uex1tFSErm5sTw.K_UrJrsZDgrOWjn9CC4gIh6_4WAQ0TTeWY1OYS3fvq0&dib_tag=se&keywords=laptop&qid=1752660523&sr=8-216&xpid=ZfD8Q9i4lztCI
"InnoView Portable Monitor, 15.6 Inch FHD 1080P HDMI USB C Second External Monitor for Laptop, Desktop, MacBook, Phones, Tablet, PS5/4, Xbox, Switch, Built-in Speaker with Protective Case",65.99,4862,https://www.amazon.com/Portable-Monitor-InnoView-External-Protective/dp/B095GG31KX/ref=sr_1_217?dib=eyJ2IjoiMSJ9.Pp5hqkb1VDUmrObp1_g1tMx6o4RqH6WpTO5a28aaLIRDE2pxwy0B_uW0KB9qPF9ylTpwaf1ikkAJ-nBIpee1-LCw9eEGiKLIREThsH-sbPlQL4t4qtQ3RDTUIEmE0j6jdQ0thJoevbaCXVHwZ6vmxCjlJfwEgIcTBQR2HD-JJX4XK8ulA2Y5jKPBIjtHxzISBVsQ5_OPAhto1aRnzpTjcKGuCu7h0uex1tFSErm5sTw.K_UrJrsZDgrOWjn9CC4gIh6_4WAQ0TTeWY1OYS3fvq0&dib_tag=se&keywords=laptop&qid=1752660523&sr=8-217&xpid=ZfD8Q9i4lztCI
"llano RGB Laptop Cooling Pad, Gaming Laptop Cooler with Powerful Turbofan, Fast Cooling Laptop 15.6-21in, Adjustable Speed, Touch Control, LCD Screen",91.19,1681,https://www.amazon.com/llano-RGB-Powerful-15-6-21in-Adjustable/dp/B0C69BVWGB/ref=sr_1_218?dib=eyJ2IjoiMSJ9.Pp5hqkb1VDUmrObp1_g1tMx6o4RqH6WpTO5a28aaLIRDE2pxwy0B_uW0KB9qPF9ylTpwaf1ikkAJ-nBIpee1-LCw9eEGiKLIREThsH-sbPlQL4t4qtQ3RDTUIEmE0j6jdQ0thJoevbaCXVHwZ6vmxCjlJfwEgIcTBQR2HD-JJX4XK8ulA2Y5jKPBIjtHxzISBVsQ5_OPAhto1aRnzpTjcKGuCu7h0uex1tFSErm5sTw.K_UrJrsZDgrOWjn9CC4gIh6_4WAQ0TTeWY1OYS3fvq0&dib_tag=se&keywords=laptop&qid=1752660523&sr=8-218&xpid=ZfD8Q9i4lztCI
Portable Monitor 15.6-inch FHD 1080P Ultra-Slim Travel External Monitor HDR IPS Gaming Display with Kickstand &Speakers USB-C HDMI Plug&Play，for Laptop PC Phone PS4/5 Xbox Switch,61.99,218,https://www.amazon.com/UFYQL-15-6-inch-1080P-Ultra-Slim-Kickstand/dp/B0DMNRG4X8/ref=sr_1_219?dib=eyJ2IjoiMSJ9.Pp5hqkb1VDUmrObp1_g1tMx6o4RqH6WpTO5a28aaLIRDE2pxwy0B_uW0KB9qPF9ylTpwaf1ikkAJ-nBIpee1-LCw9eEGiKLIREThsH-sbPlQL4t4qtQ3RDTUIEmE0j6jdQ0thJoevbaCXVHwZ6vmxCjlJfwEgIcTBQR2HD-JJX4XK8ulA2Y5jKPBIjtHxzISBVsQ5_OPAhto1aRnzpTjcKGuCu7h0uex1tFSErm5sTw.K_UrJrsZDgrOWjn9CC4gIh6_4WAQ0TTeWY1OYS3fvq0&dib_tag=se&keywords=laptop&qid=1752660523&sr=8-219&xpid=ZfD8Q9i4lztCI
"14’’ Triple Laptop Screen Extender, 1080P FHD Portable Dual Monitor for Laptop USB C HDMI, Plug-Play Laptop Monitor Extender for Triple Display for Mac/Windows, Fit 13”-17.3” Laptops",199.98,760,https://www.amazon.com/APILDELLA-Extender-Portable-Monitor-Plug-play/dp/B0CDW485BJ/ref=sr_1_220?dib=eyJ2IjoiMSJ9.Pp5hqkb1VDUmrObp1_g1tMx6o4RqH6WpTO5a28aaLIRDE2pxwy0B_uW0KB9qPF9ylTpwaf1ikkAJ-nBIpee1-LCw9eEGiKLIREThsH-sbPlQL4t4qtQ3RDTUIEmE0j6jdQ0thJoevbaCXVHwZ6vmxCjlJfwEgIcTBQR2HD-JJX4XK8ulA2Y5jKPBIjtHxzISBVsQ5_OPAhto1aRnzpTjcKGuCu7h0uex1tFSErm5sTw.K_UrJrsZDgrOWjn9CC4gIh6_4WAQ0TTeWY1OYS3fvq0&dib_tag=se&keywords=laptop&qid=1752660523&sr=8-220&xpid=ZfD8Q9i4lztCI
"Laptop Screen Extender 14 inch, 1080P IPS Laptop Monitor Extender, 280° Rotation Portable Monitor for 13-17.3"" with USB-C/HDMI Port, Plug-Play Dual Screen Portable for Windows/Mac/Android",99.99,6,https://www.amazon.com/Extender-Monitor-Rotation-Portable-Plug-Play/dp/B0DWDRRTBV/ref=sr_1_221?dib=eyJ2IjoiMSJ9.Pp5hqkb1VDUmrObp1_g1tMx6o4RqH6WpTO5a28aaLIRDE2pxwy0B_uW0KB9qPF9ylTpwaf1ikkAJ-nBIpee1-LCw9eEGiKLIREThsH-sbPlQL4t4qtQ3RDTUIEmE0j6jdQ0thJoevbaCXVHwZ6vmxCjlJfwEgIcTBQR2HD-JJX4XK8ulA2Y5jKPBIjtHxzISBVsQ5_OPAhto1aRnzpTjcKGuCu7h0uex1tFSErm5sTw.K_UrJrsZDgrOWjn9CC4gIh6_4WAQ0TTeWY1OYS3fvq0&dib_tag=se&keywords=laptop&qid=1752660523&sr=8-221&xpid=ZfD8Q9i4lztCI
"15.6-inch Laptop Screen Extender | FHD 1080P IPS Laptop Monitor Extender Dual Screen Display | Portable Monitor for Laptops 15.6-17.3"" | USB-C/HDMI Plug n Play for MacBook/Windows/Android/Switch/PS5",149.99,0,https://www.amazon.com/15-6-inch-Extender-Monitor-Portable-15-6-17-3/dp/B0FBMD2D7K/ref=sr_1_222?dib=eyJ2IjoiMSJ9.Pp5hqkb1VDUmrObp1_g1tMx6o4RqH6WpTO5a28aaLIRDE2pxwy0B_uW0KB9qPF9ylTpwaf1ikkAJ-nBIpee1-LCw9eEGiKLIREThsH-sbPlQL4t4qtQ3RDTUIEmE0j6jdQ0thJoevbaCXVHwZ6vmxCjlJfwEgIcTBQR2HD-JJX4XK8ulA2Y5jKPBIjtHxzISBVsQ5_OPAhto1aRnzpTjcKGuCu7h0uex1tFSErm5sTw.K_UrJrsZDgrOWjn9CC4gIh6_4WAQ0TTeWY1OYS3fvq0&dib_tag=se&keywords=laptop&qid=1752660523&sr=8-222&xpid=ZfD8Q9i4lztCI
INNOCN 15.6 inch Portable Monitor Touchscreen for Laptop FHD 1080P USB C HDMI External Display Travel Second Monitor for MacBook Windows Tablets Android Chrome PS4 Switch Mini PC,75.99,230,https://www.amazon.com/INNOCN-Portable-Touchscreen-Monitor-External/dp/B0CSJZJRZB/ref=sr_1_223?dib=eyJ2IjoiMSJ9.Pp5hqkb1VDUmrObp1_g1tMx6o4RqH6WpTO5a28aaLIRDE2pxwy0B_uW0KB9qPF9ylTpwaf1ikkAJ-nBIpee1-LCw9eEGiKLIREThsH-sbPlQL4t4qtQ3RDTUIEmE0j6jdQ0thJoevbaCXVHwZ6vmxCjlJfwEgIcTBQR2HD-JJX4XK8ulA2Y5jKPBIjtHxzISBVsQ5_OPAhto1aRnzpTjcKGuCu7h0uex1tFSErm5sTw.K_UrJrsZDgrOWjn9CC4gIh6_4WAQ0TTeWY1OYS3fvq0&dib_tag=se&keywords=laptop&qid=1752660523&sr=8-223&xpid=ZfD8Q9i4lztCI
"Hard Case for 11-16inch Gaming Laptops & Accessories - Heavy Duty Storage Case with Pull & Pluck Foam Layer Compatible Electronics, Guns, Cameras,Drones, Tools,and Other Gear",55.99,1,https://www.amazon.com/Hard-11-16inch-Gaming-Laptops-Accessories/dp/B0F1TMCSNK/ref=sr_1_224?dib=eyJ2IjoiMSJ9.Pp5hqkb1VDUmrObp1_g1tMx6o4RqH6WpTO5a28aaLIRDE2pxwy0B_uW0KB9qPF9ylTpwaf1ikkAJ-nBIpee1-LCw9eEGiKLIREThsH-sbPlQL4t4qtQ3RDTUIEmE0j6jdQ0thJoevbaCXVHwZ6vmxCjlJfwEgIcTBQR2HD-JJX4XK8ulA2Y5jKPBIjtHxzISBVsQ5_OPAhto1aRnzpTjcKGuCu7h0uex1tFSErm5sTw.K_UrJrsZDgrOWjn9CC4gIh6_4WAQ0TTeWY1OYS3fvq0&dib_tag=se&keywords=laptop&qid=1752660523&sr=8-224&xpid=ZfD8Q9i4lztCI
"Hard Case for 11-16inch Gaming Laptops & Accessories - Heavy Duty Storage Case with Pull & Pluck Foam Layer Compatible Electronics, Guns, Cameras,Drones, Tools,and Other Gear",55.99,1,https://www.amazon.com/Hard-11-16inch-Gaming-Laptops-Accessories/dp/B0F1TMCSNK/ref=sr_1_225?dib=eyJ2IjoiMSJ9.9E6_ocEv2bKxilffrg9nxrUVyKwQSF9rvvtIt43rzictQp_a7vAaTSUJVsMk_fG1hTgBgeBzc1eU8E770-Os3A.shVAEPc4dWNsAD3-gBV0-gcugKKxyFYfpskVrQZYPv8&dib_tag=se&keywords=laptop&qid=1752660525&sr=8-225&xpid=ZfD8Q9i4lztCI
"Lamicall Adjustable Laptop Stand, Portable Laptop Riser, Aluminum Laptop Stand for Desk Foldable, Ergonomic Computer Notebook Stand Holder for MacBook Air Pro, Dell XPS, HP (10-17.3'') - Silver",29.98,9318,https://www.amazon.com/Lamicall-Laptop-Stand-Riser-Portable/dp/B08M94BTYC/ref=sr_1_226?dib=eyJ2IjoiMSJ9.9E6_ocEv2bKxilffrg9nxrUVyKwQSF9rvvtIt43rzictQp_a7vAaTSUJVsMk_fG1hTgBgeBzc1eU8E770-Os3A.shVAEPc4dWNsAD3-gBV0-gcugKKxyFYfpskVrQZYPv8&dib_tag=se&keywords=laptop&qid=1752660525&sr=8-226&xpid=ZfD8Q9i4lztCI
"Laptop Screen Extender, 15.6'' 1080P Laptop Monitor Extender, 11 Display Modes, Plug & Play, Detachable Screen Triple Monitor for Laptop 13""-17.3"", Compatible with Mac/Windows/Android/Switch",329.99,10,https://www.amazon.com/Maxfree-Extender-Monitor-Detachable-Compatible/dp/B0DWX44YC1/ref=sr_1_227?dib=eyJ2IjoiMSJ9.9E6_ocEv2bKxilffrg9nxrUVyKwQSF9rvvtIt43rzictQp_a7vAaTSUJVsMk_fG1hTgBgeBzc1eU8E770-Os3A.shVAEPc4dWNsAD3-gBV0-gcugKKxyFYfpskVrQZYPv8&dib_tag=se&keywords=laptop&qid=1752660525&sr=8-227&xpid=ZfD8Q9i4lztCI
"InnoView Portable Monitor 15.6"" 1080P Portable Monitors for Laptop with Protective Sleeve Built-in 90° Adjustable Stand USB C HDMI Ultra-Slim Portable Laptop Monitor for MacBook Phone PS Xbox Switch",65.99,986,https://www.amazon.com/Portable-Monitor-InnoView-Adjustable-Speaker/dp/B09K3FWMPL/ref=sr_1_228?dib=eyJ2IjoiMSJ9.9E6_ocEv2bKxilffrg9nxrUVyKwQSF9rvvtIt43rzictQp_a7vAaTSUJVsMk_fG1hTgBgeBzc1eU8E770-Os3A.shVAEPc4dWNsAD3-gBV0-gcugKKxyFYfpskVrQZYPv8&dib_tag=se&keywords=laptop&qid=1752660525&sr=8-228&xpid=ZfD8Q9i4lztCI
"havit HV-F2056 15.6""-17"" Laptop Cooler Cooling Pad - Slim Portable USB Powered (3 Fans), Black/Blue",27.99,43152,https://www.amazon.com/HV-F2056-15-6-17-Laptop-Cooler-Cooling/dp/B00NNMB3KS/ref=sr_1_229?dib=eyJ2IjoiMSJ9.9E6_ocEv2bKxilffrg9nxrUVyKwQSF9rvvtIt43rzictQp_a7vAaTSUJVsMk_fG1hTgBgeBzc1eU8E770-Os3A.shVAEPc4dWNsAD3-gBV0-gcugKKxyFYfpskVrQZYPv8&dib_tag=se&keywords=laptop&qid=1752660525&sr=8-229&xpid=ZfD8Q9i4lztCI
"Adjustable Laptop Stand for Desk, Metal Foldable Laptop Riser, Portable Laptop Holder Mount, Ventilated Cooling Computer Notebook Stand Compatible with 10-15.6” Laptops",16.99,1820,https://www.amazon.com/Gogoonike-Adjustable-Foldable-Ventilated-Compatible/dp/B0C7BKZ883/ref=sr_1_241?dib=eyJ2IjoiMSJ9.OEFVF-_1Zm6y82EPTgl8lJmQ8oQAeGM1Foj2VX-NDYQlsvtQa5kleaBs1isuFR1_CP8O0bJacnba4eX-D4WEnEyFKhsbNCgImm2urfvCMxej5VQqJMTnr9Kc0oVgGk5M1OFPVimeywa4TnDaBsIxEXpn88XQBXang5fhhUwTYbDs1PSvnrv9JdGHVVTU2dib0IF-Ouwjey4s3NgCVEcUbCHQioDBVTjOnFygZoH8q_4.0kaekZXeXBBqlJ0s1mBmTU_r7OVqBd2r_dbsh3Nom5k&dib_tag=se&keywords=laptop&qid=1752660528&sr=8-241&xpid=ZfD8Q9i4lztCI
Kingston FURY Impact 32GB (2x16GB) 5600MT/s DDR5 CL40 Laptop Memory Kit of 2 | Lower Power Consumption | Intel XMP 3.0 | Plug N Play | KF556S40IBK2-32,91.99,1269,https://www.amazon.com/Kingston-Impact-2x16GB-Comsumption-KF556S40IBK2-32/dp/B0BRTJ4Q94/ref=sr_1_242?dib=eyJ2IjoiMSJ9.OEFVF-_1Zm6y82EPTgl8lJmQ8oQAeGM1Foj2VX-NDYQlsvtQa5kleaBs1isuFR1_CP8O0bJacnba4eX-D4WEnEyFKhsbNCgImm2urfvCMxej5VQqJMTnr9Kc0oVgGk5M1OFPVimeywa4TnDaBsIxEXpn88XQBXang5fhhUwTYbDs1PSvnrv9JdGHVVTU2dib0IF-Ouwjey4s3NgCVEcUbCHQioDBVTjOnFygZoH8q_4.0kaekZXeXBBqlJ0s1mBmTU_r7OVqBd2r_dbsh3Nom5k&dib_tag=se&keywords=laptop&qid=1752660528&sr=8-242&xpid=ZfD8Q9i4lztCI
"Adjustable Laptop Stand, Portable Laptop Riser for Desk, ABS+Silicone Foldable Ventilated Cooling Notebook Holder Stand for 10-15.6” Laptops,Tablets",7.99,1259,https://www.amazon.com/Gogoonike-Foldable-Ventilated-Adjustable-Notebook/dp/B091M7XJ2K/ref=sr_1_243?dib=eyJ2IjoiMSJ9.OEFVF-_1Zm6y82EPTgl8lJmQ8oQAeGM1Foj2VX-NDYQlsvtQa5kleaBs1isuFR1_CP8O0bJacnba4eX-D4WEnEyFKhsbNCgImm2urfvCMxej5VQqJMTnr9Kc0oVgGk5M1OFPVimeywa4TnDaBsIxEXpn88XQBXang5fhhUwTYbDs1PSvnrv9JdGHVVTU2dib0IF-Ouwjey4s3NgCVEcUbCHQioDBVTjOnFygZoH8q_4.0kaekZXeXBBqlJ0s1mBmTU_r7OVqBd2r_dbsh3Nom5k&dib_tag=se&keywords=laptop&qid=1752660528&sr=8-243&xpid=ZfD8Q9i4lztCI
"ASUS ZenScreen 16” Portable USB Monitor (MB169CK) - Full HD, IPS, Dual USB-C, Mini-HDMI, Eye Care, Flicker Free, Blue Light Filter, Anti-Glare Surface, 360° Kickstand, 3 yr Warranty",89.0,2796,https://www.amazon.com/ASUS-Vivobook-15-Business-Bluetooth/dp/B0CPFYVPBG/ref=sr_1_244?dib=eyJ2IjoiMSJ9.OEFVF-_1Zm6y82EPTgl8lJmQ8oQAeGM1Foj2VX-NDYQlsvtQa5kleaBs1isuFR1_CP8O0bJacnba4eX-D4WEnEyFKhsbNCgImm2urfvCMxej5VQqJMTnr9Kc0oVgGk5M1OFPVimeywa4TnDaBsIxEXpn88XQBXang5fhhUwTYbDs1PSvnrv9JdGHVVTU2dib0IF-Ouwjey4s3NgCVEcUbCHQioDBVTjOnFygZoH8q_4.0kaekZXeXBBqlJ0s1mBmTU_r7OVqBd2r_dbsh3Nom5k&dib_tag=se&keywords=laptop&qid=1752660528&sr=8-244&xpid=ZfD8Q9i4lztCI
"VIVO 15.6 inch Portable Monitor with Laptop Screen Extender Holding Bracket, Fits Laptops up to 18.5 inches, Black, STAND-PM01M",179.99,13,https://www.amazon.com/VIVO-Portable-Monitor-Extender-STAND-PM01M/dp/B0DQLR8ZJQ/ref=sr_1_257?dib=eyJ2IjoiMSJ9.bEsx2fzpdhtiybGXL2ZtFG-9XVYC9X89oavpsJEjQzwzP7Pk5ZXb2FON3HZTm-4RRUhz5gfmTe3r0VNKlSvsOw.ZGXVz3FmgIPPlOL-DEMcxf-hVWd0_jNiEr9zrr8ClPQ&dib_tag=se&keywords=laptop&qid=1752660529&sr=8-257&xpid=ZfD8Q9i4lztCI
"40L Expandable Laptop Backpack, Anti-thief Travel Backpack with USB Charging Port, Airline Approved Business Waterproof Carry on Luggage, Fits 17.3"" Laptop for Men Women",35.99,0,https://www.amazon.com/Velaybor-Backpack-Capacity-Multiple-Compartments/dp/B0F8MHM5PZ/ref=sr_1_258?dib=eyJ2IjoiMSJ9.bEsx2fzpdhtiybGXL2ZtFG-9XVYC9X89oavpsJEjQzwzP7Pk5ZXb2FON3HZTm-4RRUhz5gfmTe3r0VNKlSvsOw.ZGXVz3FmgIPPlOL-DEMcxf-hVWd0_jNiEr9zrr8ClPQ&dib_tag=se&keywords=laptop&qid=1752660529&sr=8-258&xpid=ZfD8Q9i4lztCI
"Lenovo IdeaPad Slim 3i Chromebook Plus - 2024 - Lightweight Laptop - Waves MaxxAudio® - 14"" FHD Display - HD 1080p Camera - 8GB Memory - 256GB Storage - Intel® Core™ i3-N305 - Storm Grey",499.99,14,https://www.amazon.com/Lenovo-IdeaPad-Slim-Chromebook-Plus/dp/B0D5J19W6F/ref=sr_1_259?dib=eyJ2IjoiMSJ9.bEsx2fzpdhtiybGXL2ZtFG-9XVYC9X89oavpsJEjQzwzP7Pk5ZXb2FON3HZTm-4RRUhz5gfmTe3r0VNKlSvsOw.ZGXVz3FmgIPPlOL-DEMcxf-hVWd0_jNiEr9zrr8ClPQ&dib_tag=se&keywords=laptop&qid=1752660529&sr=8-259&xpid=ZfD8Q9i4lztCI
"LOVEVOOK Laptop Tote Bag for Women 15.6 Inch Vintage Leather Work Bag with Large Pocket, Waterproof Computer Teacher Bag",49.98,8,https://www.amazon.com/LOVEVOOK-Vintage-Waterproof-Computer-Briefcase/dp/B0F8BDXZ8R/ref=sr_1_261?dib=eyJ2IjoiMSJ9.bEsx2fzpdhtiybGXL2ZtFG-9XVYC9X89oavpsJEjQzwzP7Pk5ZXb2FON3HZTm-4RRUhz5gfmTe3r0VNKlSvsOw.ZGXVz3FmgIPPlOL-DEMcxf-hVWd0_jNiEr9zrr8ClPQ&dib_tag=se&keywords=laptop&qid=1752660529&sr=8-261&xpid=ZfD8Q9i4lztCI
"ASUS Vivobook Laptop, 17.3"" FHD (1920 x 1080) IPS LED Display, Intel i3-1215U, 6-Core, 12GB DDR4 RAM, 1TB SSD, Quiet Blue, HDMI, Win 11 Home, TWE Mouse Pad",394.0,9,https://www.amazon.com/ASUS-Vivobook-Display-Intel-i3-1215U/dp/B0DY7DFZS1/ref=sr_1_273?dib=eyJ2IjoiMSJ9.9fuN35-x7gw7skpeVeiIBCc9PEupWdoQX-MwzzfUu25aA9j4-hEFd13SmTNOcztkhg-jz4qwVjH4WRC3d-ZhI1i4fiZm38s5CQYEFW6UfJhfQdHUbpBcg2_yCn_PnpTCL0WKNyS5UHE91ak2PGZ2qunL2k6xm9Rz5Z6W2Tmi7nYN9La5Ac4pjRvNgjJ80PkElw_dUVZ6BxIr7Zl_EAxJFyGRVnl7lNY0zQdjBuNdKAg.yX5pE73CNd9zqncMzY36jgMeGy_j8EpyQiuKL3-ZQvg&dib_tag=se&keywords=laptop&qid=1752660532&sr=8-273&xpid=ZfD8Q9i4lztCI
"ASUS Vivobook go 14"" FHD Laptop, Intel Pentium N6000 (Up to 3.30GHz), 1920x1080 Display, 4GB Memory, 64GB eMMC, 1-Year of Microsoft 365, NumberPad, Webcam, HDMI, Wi-Fi, Win11H in S Mode, E410KA",189.99,6037,https://www.amazon.com/ASUS-1920x1080-Microsoft-NumberPad-E410KA/dp/B0DPWSYX95/ref=sr_1_274?dib=eyJ2IjoiMSJ9.9fuN35-x7gw7skpeVeiIBCc9PEupWdoQX-MwzzfUu25aA9j4-hEFd13SmTNOcztkhg-jz4qwVjH4WRC3d-ZhI1i4fiZm38s5CQYEFW6UfJhfQdHUbpBcg2_yCn_PnpTCL0WKNyS5UHE91ak2PGZ2qunL2k6xm9Rz5Z6W2Tmi7nYN9La5Ac4pjRvNgjJ80PkElw_dUVZ6BxIr7Zl_EAxJFyGRVnl7lNY0zQdjBuNdKAg.yX5pE73CNd9zqncMzY36jgMeGy_j8EpyQiuKL3-ZQvg&dib_tag=se&keywords=laptop&qid=1752660532&sr=8-274&xpid=ZfD8Q9i4lztCI
"AYY Portable Monitor for Laptop 15 Inch FHD 1080P, USB-C/HDMI Travel Laptop Screen Extender Monitor Portable for PC/Mac/Phone/PS5/PS4/Xbox/Switch, HDR IPS Display with Smart Cover & Speakers, VESA",59.98,750,https://www.amazon.com/AYY-Portable-External-Computer-Kickstand/dp/B0CYKMFN6R/ref=sr_1_275?dib=eyJ2IjoiMSJ9.9fuN35-x7gw7skpeVeiIBCc9PEupWdoQX-MwzzfUu25aA9j4-hEFd13SmTNOcztkhg-jz4qwVjH4WRC3d-ZhI1i4fiZm38s5CQYEFW6UfJhfQdHUbpBcg2_yCn_PnpTCL0WKNyS5UHE91ak2PGZ2qunL2k6xm9Rz5Z6W2Tmi7nYN9La5Ac4pjRvNgjJ80PkElw_dUVZ6BxIr7Zl_EAxJFyGRVnl7lNY0zQdjBuNdKAg.yX5pE73CNd9zqncMzY36jgMeGy_j8EpyQiuKL3-ZQvg&dib_tag=se&keywords=laptop&qid=1752660532&sr=8-275&xpid=ZfD8Q9i4lztCI
"Dell Inspiron 15.6"" FHD 3530 Business Laptop, i7 1355U, Windows 11 Pro&Office 2021 Lifetime License,Intel Iris Xe Graphics, Wi-Fi 6, Anti-Glare, LED-Backlit (16GB DDR4 RAM | 1TB SSD)",769.0,7,https://www.amazon.com/Dell-Inspiron-Business-Anti-Glare-LED-Backlit/dp/B0DBLM97N1/ref=sr_1_276?dib=eyJ2IjoiMSJ9.9fuN35-x7gw7skpeVeiIBCc9PEupWdoQX-MwzzfUu25aA9j4-hEFd13SmTNOcztkhg-jz4qwVjH4WRC3d-ZhI1i4fiZm38s5CQYEFW6UfJhfQdHUbpBcg2_yCn_PnpTCL0WKNyS5UHE91ak2PGZ2qunL2k6xm9Rz5Z6W2Tmi7nYN9La5Ac4pjRvNgjJ80PkElw_dUVZ6BxIr7Zl_EAxJFyGRVnl7lNY0zQdjBuNdKAg.yX5pE73CNd9zqncMzY36jgMeGy_j8EpyQiuKL3-ZQvg&dib_tag=se&keywords=laptop&qid=1752660532&sr=8-276&xpid=ZfD8Q9i4lztCI
"HP Pavilion 15.6"" HD Touchscreen Laptop | 32GB RAM | 1TB SSD | Intel Core i3-1215U up to 4.1GHz | 11Hr Battery | Windows 11 | USB-C & HDMI | Sleek Silver | w/Mouse",489.99,5,https://www.amazon.com/HP-Pavilion-15-6-Touchscreen-i3-1215U/dp/B0DWXD72VZ/ref=sr_1_277?dib=eyJ2IjoiMSJ9.9fuN35-x7gw7skpeVeiIBCc9PEupWdoQX-MwzzfUu25aA9j4-hEFd13SmTNOcztkhg-jz4qwVjH4WRC3d-ZhI1i4fiZm38s5CQYEFW6UfJhfQdHUbpBcg2_yCn_PnpTCL0WKNyS5UHE91ak2PGZ2qunL2k6xm9Rz5Z6W2Tmi7nYN9La5Ac4pjRvNgjJ80PkElw_dUVZ6BxIr7Zl_EAxJFyGRVnl7lNY0zQdjBuNdKAg.yX5pE73CNd9zqncMzY36jgMeGy_j8EpyQiuKL3-ZQvg&dib_tag=se&keywords=laptop&qid=1752660532&sr=8-277&xpid=ZfD8Q9i4lztCI
"Acer Aspire 5 15 Slim Laptop | 15.6"" FHD IPS Touch 1920 x 1080 | Intel Core i7-1355U | Intel Iris Xe Graphics | 16GB LPDDR5 | 512GB Gen 4 SSD | Wi-Fi 6E 802.11ax | Backlit Keyboard |",599.99,31,https://www.amazon.com/Acer-i7-1355U-Graphics-802-11ax-Keyboard/dp/B0DFDN558V/ref=sr_1_278?dib=eyJ2IjoiMSJ9.9fuN35-x7gw7skpeVeiIBCc9PEupWdoQX-MwzzfUu25aA9j4-hEFd13SmTNOcztkhg-jz4qwVjH4WRC3d-ZhI1i4fiZm38s5CQYEFW6UfJhfQdHUbpBcg2_yCn_PnpTCL0WKNyS5UHE91ak2PGZ2qunL2k6xm9Rz5Z6W2Tmi7nYN9La5Ac4pjRvNgjJ80PkElw_dUVZ6BxIr7Zl_EAxJFyGRVnl7lNY0zQdjBuNdKAg.yX5pE73CNd9zqncMzY36jgMeGy_j8EpyQiuKL3-ZQvg&dib_tag=se&keywords=laptop&qid=1752660532&sr=8-278&xpid=ZfD8Q9i4lztCI
"HP OMEN Gaming Laptop, AMD Ryzen 9-8940HX, 64 GB DDR5 RAM, 2 TB PCIe SSD, 16"" 2K (1920x1200) 144Hz Display, Nvidia G-Force RTX 5060, Backlit Keyboard, W11 Pro, Shadow Black",1749.0,0,https://www.amazon.com/HP-OMEN-Gaming-9-8940HX-1920x1200/dp/B0FFHJ4QVQ/ref=sr_1_279?dib=eyJ2IjoiMSJ9.9fuN35-x7gw7skpeVeiIBCc9PEupWdoQX-MwzzfUu25aA9j4-hEFd13SmTNOcztkhg-jz4qwVjH4WRC3d-ZhI1i4fiZm38s5CQYEFW6UfJhfQdHUbpBcg2_yCn_PnpTCL0WKNyS5UHE91ak2PGZ2qunL2k6xm9Rz5Z6W2Tmi7nYN9La5Ac4pjRvNgjJ80PkElw_dUVZ6BxIr7Zl_EAxJFyGRVnl7lNY0zQdjBuNdKAg.yX5pE73CNd9zqncMzY36jgMeGy_j8EpyQiuKL3-ZQvg&dib_tag=se&keywords=laptop&qid=1752660532&sr=8-279&xpid=ZfD8Q9i4lztCI
Samsung - Galaxy Book4 Edge- Copilot+ PC-16 AMOLED Touch-Screen Laptop- Snapdragon X Elite 3.8Ghz- 16GB Memory- 1TB Storage - Sapphire Blue,1089.99,0,https://www.amazon.com/Samsung-Copilot-Touch-Screen-Snapdragon-Sapphire/dp/B0DD57R1NZ/ref=sr_1_280?dib=eyJ2IjoiMSJ9.9fuN35-x7gw7skpeVeiIBCc9PEupWdoQX-MwzzfUu25aA9j4-hEFd13SmTNOcztkhg-jz4qwVjH4WRC3d-ZhI1i4fiZm38s5CQYEFW6UfJhfQdHUbpBcg2_yCn_PnpTCL0WKNyS5UHE91ak2PGZ2qunL2k6xm9Rz5Z6W2Tmi7nYN9La5Ac4pjRvNgjJ80PkElw_dUVZ6BxIr7Zl_EAxJFyGRVnl7lNY0zQdjBuNdKAg.yX5pE73CNd9zqncMzY36jgMeGy_j8EpyQiuKL3-ZQvg&dib_tag=se&keywords=laptop&qid=1752660532&sr=8-280&xpid=ZfD8Q9i4lztCI
"Dell Inspiron 3520 15.6"" FHD Laptop, Intel Core i7-1255U Processor, 32GB RAM, 1TB SSD, Webcam, HDMI, SD-Card Slot, Wi-Fi 6, Windows 11 Home, Black",630.0,201,https://www.amazon.com/Dell-Inspiron-3520-i7-1255U-Processor/dp/B0C9RVBJDW/ref=sr_1_281?dib=eyJ2IjoiMSJ9.9fuN35-x7gw7skpeVeiIBCc9PEupWdoQX-MwzzfUu25aA9j4-hEFd13SmTNOcztkhg-jz4qwVjH4WRC3d-ZhI1i4fiZm38s5CQYEFW6UfJhfQdHUbpBcg2_yCn_PnpTCL0WKNyS5UHE91ak2PGZ2qunL2k6xm9Rz5Z6W2Tmi7nYN9La5Ac4pjRvNgjJ80PkElw_dUVZ6BxIr7Zl_EAxJFyGRVnl7lNY0zQdjBuNdKAg.yX5pE73CNd9zqncMzY36jgMeGy_j8EpyQiuKL3-ZQvg&dib_tag=se&keywords=laptop&qid=1752660532&sr=8-281&xpid=ZfD8Q9i4lztCI
"17 Inch Laptop Laptop Computer, Win 11,8GB RAM 256GB SSD, Celeron Quad-Core Processor(Up to 2.9GHz),IPS Full HD Display with, Type-C, Wi-Fi, USB3.0 (17 lnch-512)",309.99,22,https://www.amazon.com/NBVCXSD-Computer-Quad-Core-Processor-lnch-512/dp/B0DT5N4QV6/ref=sr_1_289?dib=eyJ2IjoiMSJ9.TK0-VPeKHyaJBKQX0BAbPkFaHR1CW_WDaZIWGQYcGTJ7RcjwRdnWC8P1pOair91mTpQHxjcZATSNNAtriw2L_r_QpKp8A-SqrTgQhsA8niAsr6DAZLbM_3GQ-n_YU40TVVlJsDc4mjqmuMIBkfAsM0F97Ye6SXC4XdPLrLTG6JVADc0qMkrttNaPb34QtPmqZ842q3Gww1Vtq1g7OorVUkP-FiAAOhy_Xm8eDFDt-SY.KE8_CfXBcUm7tbjLGYd4Wa2fdtHuQBUC_AG5dT-CQ-0&dib_tag=se&keywords=laptop&qid=1752660534&sr=8-289&xpid=ZfD8Q9i4lztCI
"Adjustable Computer Stand with 360 Rotating Base, Ergonimic Foldable Laptop Riser for Desk Compatible with MacBook Pro/Air Notebook up to 16 Inches, Silver",35.98,2739,https://www.amazon.com/Adjustable-Rotating-Computer-Ergonimic-Compatible/dp/B0B1LH9RDT/ref=sr_1_290?dib=eyJ2IjoiMSJ9.TK0-VPeKHyaJBKQX0BAbPkFaHR1CW_WDaZIWGQYcGTJ7RcjwRdnWC8P1pOair91mTpQHxjcZATSNNAtriw2L_r_QpKp8A-SqrTgQhsA8niAsr6DAZLbM_3GQ-n_YU40TVVlJsDc4mjqmuMIBkfAsM0F97Ye6SXC4XdPLrLTG6JVADc0qMkrttNaPb34QtPmqZ842q3Gww1Vtq1g7OorVUkP-FiAAOhy_Xm8eDFDt-SY.KE8_CfXBcUm7tbjLGYd4Wa2fdtHuQBUC_AG5dT-CQ-0&dib_tag=se&keywords=laptop&qid=1752660534&sr=8-290&xpid=ZfD8Q9i4lztCI
"Acer Aspire 14 Laptop | 14.0"" WUXGA 1920 x 1200 IPS | Intel Core 5 Processor 120U | Intel Graphics | 16GB LPDDR5 | 512GB Gen4 SSD | Wi-Fi 6E | AI PC | Copilot Key | Backlit Keyboard | A14-51M-515G",642.99,0,https://www.amazon.com/Processor-Graphics-Copilot-Keyboard-A14-51M-515G/dp/B0CZ4BYHPJ/ref=sr_1_291?dib=eyJ2IjoiMSJ9.TK0-VPeKHyaJBKQX0BAbPkFaHR1CW_WDaZIWGQYcGTJ7RcjwRdnWC8P1pOair91mTpQHxjcZATSNNAtriw2L_r_QpKp8A-SqrTgQhsA8niAsr6DAZLbM_3GQ-n_YU40TVVlJsDc4mjqmuMIBkfAsM0F97Ye6SXC4XdPLrLTG6JVADc0qMkrttNaPb34QtPmqZ842q3Gww1Vtq1g7OorVUkP-FiAAOhy_Xm8eDFDt-SY.KE8_CfXBcUm7tbjLGYd4Wa2fdtHuQBUC_AG5dT-CQ-0&dib_tag=se&keywords=laptop&qid=1752660534&sr=8-291&xpid=ZfD8Q9i4lztCI
"HP Elitebook 660 G11 16"" FHD+ Business Copilot AI Laptop Computer, Intel Ultra 7 155U (Beat i7-1355U), 32GB DDR5 RAM, 1TB PCIe SSD, WiFi 6E, Backlit KB, Fingerprint Reader, Windows 11 Pro, AZ-XUT",1019.0,40,https://www.amazon.com/HP-Elitebook-660-G11-Fingerprint/dp/B0D9JR8D5T/ref=sr_1_292?dib=eyJ2IjoiMSJ9.TK0-VPeKHyaJBKQX0BAbPkFaHR1CW_WDaZIWGQYcGTJ7RcjwRdnWC8P1pOair91mTpQHxjcZATSNNAtriw2L_r_QpKp8A-SqrTgQhsA8niAsr6DAZLbM_3GQ-n_YU40TVVlJsDc4mjqmuMIBkfAsM0F97Ye6SXC4XdPLrLTG6JVADc0qMkrttNaPb34QtPmqZ842q3Gww1Vtq1g7OorVUkP-FiAAOhy_Xm8eDFDt-SY.KE8_CfXBcUm7tbjLGYd4Wa2fdtHuQBUC_AG5dT-CQ-0&dib_tag=se&keywords=laptop&qid=1752660534&sr=8-292&xpid=ZfD8Q9i4lztCI
"llano V10 Gaming Laptop Cooling Pad, RGB Laptop Cooler Stand with Powerful 4.72 Inch External Turbo Cooling Fan, Fast Cooling Computer 13-17.3in, Button Control, 3 Adjustable Stand, 4-Port USB C&A",85.49,272,https://www.amazon.com/llano-V10-Powerful-13-17-3inch-Adjustable/dp/B0D4DS24TG/ref=sr_1_293?dib=eyJ2IjoiMSJ9.TK0-VPeKHyaJBKQX0BAbPkFaHR1CW_WDaZIWGQYcGTJ7RcjwRdnWC8P1pOair91mTpQHxjcZATSNNAtriw2L_r_QpKp8A-SqrTgQhsA8niAsr6DAZLbM_3GQ-n_YU40TVVlJsDc4mjqmuMIBkfAsM0F97Ye6SXC4XdPLrLTG6JVADc0qMkrttNaPb34QtPmqZ842q3Gww1Vtq1g7OorVUkP-FiAAOhy_Xm8eDFDt-SY.KE8_CfXBcUm7tbjLGYd4Wa2fdtHuQBUC_AG5dT-CQ-0&dib_tag=se&keywords=laptop&qid=1752660534&sr=8-293&xpid=ZfD8Q9i4lztCI
"HP 14"" HD Business and Student Laptop, AMD Ryzen 3 3250U, 16GB RAM, 1TB SSD, WiFi, Bluetooth, HDMI, Windows 11 with GaPi Accs.",389.83,31,https://www.amazon.com/HP-Business-Student-Bluetooth-Windows/dp/B0BCHYJ2T3/ref=sr_1_294?dib=eyJ2IjoiMSJ9.TK0-VPeKHyaJBKQX0BAbPkFaHR1CW_WDaZIWGQYcGTJ7RcjwRdnWC8P1pOair91mTpQHxjcZATSNNAtriw2L_r_QpKp8A-SqrTgQhsA8niAsr6DAZLbM_3GQ-n_YU40TVVlJsDc4mjqmuMIBkfAsM0F97Ye6SXC4XdPLrLTG6JVADc0qMkrttNaPb34QtPmqZ842q3Gww1Vtq1g7OorVUkP-FiAAOhy_Xm8eDFDt-SY.KE8_CfXBcUm7tbjLGYd4Wa2fdtHuQBUC_AG5dT-CQ-0&dib_tag=se&keywords=laptop&qid=1752660534&sr=8-294&xpid=ZfD8Q9i4lztCI
"2025 Latest Laptop 16.1'' FHD Display, 1TB SSD 16GB RAM, Intel Processor N95(3.4GHz), Windows 11 Pro, Backlit Keyboard, 8000mAh Battery, Fingerprint, HDMI, WiFi5, BT5, Type-C, Webcam, TF Card Slot",349.99,3,https://www.amazon.com/VAIZMOYE-Display-Processor-Windows-Computer/dp/B0D9N425KZ/ref=sr_1_295?dib=eyJ2IjoiMSJ9.TK0-VPeKHyaJBKQX0BAbPkFaHR1CW_WDaZIWGQYcGTJ7RcjwRdnWC8P1pOair91mTpQHxjcZATSNNAtriw2L_r_QpKp8A-SqrTgQhsA8niAsr6DAZLbM_3GQ-n_YU40TVVlJsDc4mjqmuMIBkfAsM0F97Ye6SXC4XdPLrLTG6JVADc0qMkrttNaPb34QtPmqZ842q3Gww1Vtq1g7OorVUkP-FiAAOhy_Xm8eDFDt-SY.KE8_CfXBcUm7tbjLGYd4Wa2fdtHuQBUC_AG5dT-CQ-0&dib_tag=se&keywords=laptop&qid=1752660534&sr=8-295&xpid=ZfD8Q9i4lztCI
"HP Victus 15.6"" Full HD 144Hz Gaming Laptop, Intel Core i5-12450H,16GB RAM,512GB PCIe SSD, NVIDIA GeForce RTX 3050, Wi-Fi 6, Backlit Keyboard,Windows 11 Pro, Performance Blue",615.0,4,https://www.amazon.com/HP-i5-12450H-GeForce-Keyboard-Performance/dp/B0DFK1JFBG/ref=sr_1_296?dib=eyJ2IjoiMSJ9.TK0-VPeKHyaJBKQX0BAbPkFaHR1CW_WDaZIWGQYcGTJ7RcjwRdnWC8P1pOair91mTpQHxjcZATSNNAtriw2L_r_QpKp8A-SqrTgQhsA8niAsr6DAZLbM_3GQ-n_YU40TVVlJsDc4mjqmuMIBkfAsM0F97Ye6SXC4XdPLrLTG6JVADc0qMkrttNaPb34QtPmqZ842q3Gww1Vtq1g7OorVUkP-FiAAOhy_Xm8eDFDt-SY.KE8_CfXBcUm7tbjLGYd4Wa2fdtHuQBUC_AG5dT-CQ-0&dib_tag=se&keywords=laptop&qid=1752660534&sr=8-296&xpid=ZfD8Q9i4lztCI
"Portable Lap Desk, Laptop Stand for Bed with Soft Wrist Rest, Tablet/Phone Slot, Fabric Handle, Laptop Bed Table with Cushion (Dark Brown)",29.99,358,https://www.amazon.com/HETTHI-Portable-Laptop-Tablet-Cushion/dp/B0F3CKVJK7/ref=sr_1_297?dib=eyJ2IjoiMSJ9.TK0-VPeKHyaJBKQX0BAbPkFaHR1CW_WDaZIWGQYcGTJ7RcjwRdnWC8P1pOair91mTpQHxjcZATSNNAtriw2L_r_QpKp8A-SqrTgQhsA8niAsr6DAZLbM_3GQ-n_YU40TVVlJsDc4mjqmuMIBkfAsM0F97Ye6SXC4XdPLrLTG6JVADc0qMkrttNaPb34QtPmqZ842q3Gww1Vtq1g7OorVUkP-FiAAOhy_Xm8eDFDt-SY.KE8_CfXBcUm7tbjLGYd4Wa2fdtHuQBUC_AG5dT-CQ-0&dib_tag=se&keywords=laptop&qid=1752660534&sr=8-297&xpid=ZfD8Q9i4lztCI
"bersem 2 Pack 15.6 Laptop Privacy Screen for 16:9 Ratio Computer Monitor, Removable, Anti Glare, Blue Light Filter, Anti-Spy, Anti-Scratch, UV-Blocking",27.98,0,https://www.amazon.com/bersem-15-6-Laptop-Privacy-16/dp/B0FHH3GJVK/ref=sr_1_298?dib=eyJ2IjoiMSJ9.TK0-VPeKHyaJBKQX0BAbPkFaHR1CW_WDaZIWGQYcGTJ7RcjwRdnWC8P1pOair91mTpQHxjcZATSNNAtriw2L_r_QpKp8A-SqrTgQhsA8niAsr6DAZLbM_3GQ-n_YU40TVVlJsDc4mjqmuMIBkfAsM0F97Ye6SXC4XdPLrLTG6JVADc0qMkrttNaPb34QtPmqZ842q3Gww1Vtq1g7OorVUkP-FiAAOhy_Xm8eDFDt-SY.KE8_CfXBcUm7tbjLGYd4Wa2fdtHuQBUC_AG5dT-CQ-0&dib_tag=se&keywords=laptop&qid=1752660534&sr=8-298&xpid=ZfD8Q9i4lztCI
"ASUS Chromebook CX15 Laptop, 15.6"" FHD Anti-Glare Display, Intel Celeron N4500 Processor, 128GB Storage, 8GB RAM, ChromeOS, Pure Grey, CX1505CKA-AS88F-PG",269.99,332,https://www.amazon.com/ASUS-Chromebook-Anti-Glare-Processor-CX1505CKA-AS88F-PG/dp/B0F113YD2M/ref=sr_1_299?dib=eyJ2IjoiMSJ9.TK0-VPeKHyaJBKQX0BAbPkFaHR1CW_WDaZIWGQYcGTJ7RcjwRdnWC8P1pOair91mTpQHxjcZATSNNAtriw2L_r_QpKp8A-SqrTgQhsA8niAsr6DAZLbM_3GQ-n_YU40TVVlJsDc4mjqmuMIBkfAsM0F97Ye6SXC4XdPLrLTG6JVADc0qMkrttNaPb34QtPmqZ842q3Gww1Vtq1g7OorVUkP-FiAAOhy_Xm8eDFDt-SY.KE8_CfXBcUm7tbjLGYd4Wa2fdtHuQBUC_AG5dT-CQ-0&dib_tag=se&keywords=laptop&qid=1752660534&sr=8-299&xpid=ZfD8Q9i4lztCI
"SwissGear Travel Tech Elite Laptop Backpack – Fits Laptops up to 16” – ScanSmart TSA-Friendly Backpack with USB Port, Shoe Compartment & Organizer Pockets – Black",139.99,2967,https://www.amazon.com/SwissGear-5358202410-Black-Stealth-Large/dp/B07TYHPS4P/ref=sr_1_300?dib=eyJ2IjoiMSJ9.TK0-VPeKHyaJBKQX0BAbPkFaHR1CW_WDaZIWGQYcGTJ7RcjwRdnWC8P1pOair91mTpQHxjcZATSNNAtriw2L_r_QpKp8A-SqrTgQhsA8niAsr6DAZLbM_3GQ-n_YU40TVVlJsDc4mjqmuMIBkfAsM0F97Ye6SXC4XdPLrLTG6JVADc0qMkrttNaPb34QtPmqZ842q3Gww1Vtq1g7OorVUkP-FiAAOhy_Xm8eDFDt-SY.KE8_CfXBcUm7tbjLGYd4Wa2fdtHuQBUC_AG5dT-CQ-0&dib_tag=se&keywords=laptop&qid=1752660534&sr=8-300&xpid=ZfD8Q9i4lztCI
"acer Aspire 3 15.6"""" Full HD IPS Touch Display Laptop | AMD Ryzen 5 7520U (Beat i7-1165G7)| 8GB RAM DDR5 | 512GB SSD | AMD Radeon Graphics | Windows 11 Home | Bundle with USB 3.0 Hub, Blue",399.99,0,https://www.amazon.com/acer-Aspire-Display-i7-1165G7-Graphics/dp/B0D977HW9H/ref=sr_1_301?dib=eyJ2IjoiMSJ9.TK0-VPeKHyaJBKQX0BAbPkFaHR1CW_WDaZIWGQYcGTJ7RcjwRdnWC8P1pOair91mTpQHxjcZATSNNAtriw2L_r_QpKp8A-SqrTgQhsA8niAsr6DAZLbM_3GQ-n_YU40TVVlJsDc4mjqmuMIBkfAsM0F97Ye6SXC4XdPLrLTG6JVADc0qMkrttNaPb34QtPmqZ842q3Gww1Vtq1g7OorVUkP-FiAAOhy_Xm8eDFDt-SY.KE8_CfXBcUm7tbjLGYd4Wa2fdtHuQBUC_AG5dT-CQ-0&dib_tag=se&keywords=laptop&qid=1752660534&sr=8-301&xpid=ZfD8Q9i4lztCI
Timetec 32GB KIT(2x16GB) DDR4 3200MHz (or 2933MHz or 2666MHz) PC4-25600 Non-ECC Unbuffered 1.2V CL22 2Rx8 Dual Rank 260 Pin SODIMM Laptop Notebook PC Computer Memory RAM Module Upgrade,63.99,3092,https://www.amazon.com/Timetec-DDR4-3200-PC4-25600-Unbuffered-Notebook/dp/B098TYN671/ref=sr_1_302?dib=eyJ2IjoiMSJ9.TK0-VPeKHyaJBKQX0BAbPkFaHR1CW_WDaZIWGQYcGTJ7RcjwRdnWC8P1pOair91mTpQHxjcZATSNNAtriw2L_r_QpKp8A-SqrTgQhsA8niAsr6DAZLbM_3GQ-n_YU40TVVlJsDc4mjqmuMIBkfAsM0F97Ye6SXC4XdPLrLTG6JVADc0qMkrttNaPb34QtPmqZ842q3Gww1Vtq1g7OorVUkP-FiAAOhy_Xm8eDFDt-SY.KE8_CfXBcUm7tbjLGYd4Wa2fdtHuQBUC_AG5dT-CQ-0&dib_tag=se&keywords=laptop&qid=1752660534&sr=8-302&xpid=ZfD8Q9i4lztCI
"Laptop Stand for Desk, Aluminum Metal MacBook Stand，Computer Riser for Desk, Portable Foldable Adjustable Notebook Holder, Compatible with 10-15.6 Inch Laptops, iPad, Silver.",8.29,115,https://www.amazon.com/Sopholid-Computer-Portable-Adjustable-Compatible/dp/B0DF64QX8Z/ref=sr_1_304?dib=eyJ2IjoiMSJ9.TK0-VPeKHyaJBKQX0BAbPkFaHR1CW_WDaZIWGQYcGTJ7RcjwRdnWC8P1pOair91mTpQHxjcZATSNNAtriw2L_r_QpKp8A-SqrTgQhsA8niAsr6DAZLbM_3GQ-n_YU40TVVlJsDc4mjqmuMIBkfAsM0F97Ye6SXC4XdPLrLTG6JVADc0qMkrttNaPb34QtPmqZ842q3Gww1Vtq1g7OorVUkP-FiAAOhy_Xm8eDFDt-SY.KE8_CfXBcUm7tbjLGYd4Wa2fdtHuQBUC_AG5dT-CQ-0&dib_tag=se&keywords=laptop&qid=1752660534&sr=8-304&xpid=ZfD8Q9i4lztCI
"HP Premium Stream 14"" HD BrightView Laptop, Intel Celeron N4120, 16GB RAM, 64GB eMMC Storage, HD Webcam, UHD Graphics, 1 Year Office 365, Bluetooth, WiFi, HDMI, Win 11s, Blue, 32GB Hotface USB Card",277.79,465,https://www.amazon.com/HP-Stream-BrightView-Graphics-Bluetooth/dp/B0DJH8BVFX/ref=sr_1_305?dib=eyJ2IjoiMSJ9.5cqfpJbqGb8HpGHgT2ecxEjf_iCtXZLqvXOzSCcV_J8.cvC3qY0b0LmtvA2_9CXu42g12yV-LEIgmWS1l5b0Kvk&dib_tag=se&keywords=laptop&qid=1752660535&sr=8-305&xpid=ZfD8Q9i4lztCI
"HP Envy 2-in-1 14"" Full HD Touch-Screen Laptop, 8GB RAM, 512GB SSD, Intel Core i5 1335U, Intel Iris Xe Graphics, Fast Charge, Fingerprint, Backlit KB, Win11, Natural Silver, W/GaLiMu",526.0,49,https://www.amazon.com/HP-Touch-Screen-Graphics-Fingerprint-Backlit/dp/B0CHX7PDLY/ref=sr_1_306?dib=eyJ2IjoiMSJ9.5cqfpJbqGb8HpGHgT2ecxEjf_iCtXZLqvXOzSCcV_J8.cvC3qY0b0LmtvA2_9CXu42g12yV-LEIgmWS1l5b0Kvk&dib_tag=se&keywords=laptop&qid=1752660535&sr=8-306&xpid=ZfD8Q9i4lztCI
